User_ID,Product_ID,Product_Category,Purchase,Age,Gender,Mood,Weather,Time_of_Day,Day_of_Week,Is_Weekend,Previous_Week_Spending
U1001,P101,Clothing,4502,46-50,M,Happy,Windy,Afternoon,Saturday,1,0.0
U1001,P104,Beauty,107,18-25,M,Sad,Cloudy,Evening,Monday,0,4502.0
U1001,P105,Books,2655,46-50,F,Neutral,Cloudy,Afternoon,Tuesday,0,4609.0
U1001,P102,Home,3439,46-50,M,Happy,Rainy,Night,Thursday,0,7264.0
U1001,P101,Clothing,4235,18-25,M,Happy,Sunny,Night,Tuesday,0,10703.0
U1001,P103,Home,3113,46-50,M,Bored,Rainy,Night,Sunday,1,14938.0
U1001,P101,Beauty,1881,36-45,M,Bored,Rainy,Afternoon,Wednesday,0,18051.0
U1001,P101,Clothing,674,18-25,F,Happy,Rainy,Night,Sunday,1,19932.0
U1001,P101,Home,3704,18-25,F,Sad,Sunny,Morning,Saturday,1,16104.0
U1001,P105,Beauty,769,18-25,M,Neutral,Windy,Evening,Sunday,1,19701.0
U1001,P105,Home,3657,26-35,F,Neutral,Cloudy,Evening,Tuesday,0,17815.0
U1001,P101,Beauty,3090,18-25,M,Neutral,Windy,Morning,Saturday,1,18033.0
U1001,P104,Home,2872,18-25,M,Bored,Cloudy,Afternoon,Sunday,1,16888.0
U1001,P102,Beauty,1254,26-35,M,Neutral,Windy,Morning,Tuesday,0,16647.0
U1001,P103,Home,1085,18-25,F,Anxious,Rainy,Night,Saturday,1,16020.0
U1001,P105,Electronics,289,46-50,F,Anxious,Sunny,Morning,Wednesday,0,16431.0
U1001,P101,Clothing,1798,36-45,M,Anxious,Cloudy,Morning,Tuesday,0,13016.0
U1001,P102,Books,995,36-45,M,Bored,Sunny,Night,Wednesday,0,14045.0
U1001,P103,Books,823,26-35,F,Bored,Sunny,Afternoon,Sunday,1,11383.0
U1001,P102,Beauty,954,36-45,F,Bored,Windy,Night,Thursday,0,9116.0
U1001,P104,Electronics,3908,18-25,F,Anxious,Sunny,Evening,Monday,0,7198.0
U1001,P103,Beauty,1566,18-25,M,Sad,Sunny,Afternoon,Friday,0,9852.0
U1001,P103,Clothing,1477,18-25,F,Bored,Sunny,Afternoon,Friday,0,10333.0
U1001,P105,Beauty,2759,26-35,F,Bored,Cloudy,Night,Sunday,1,11521.0
U1001,P103,Electronics,3718,46-50,M,Bored,Sunny,Morning,Monday,0,12482.0
U1001,P104,Books,380,36-45,M,Sad,Cloudy,Afternoon,Sunday,1,15205.0
U1001,P102,Home,523,46-50,F,Happy,Rainy,Morning,Saturday,1,14762.0
U1001,P105,Electronics,4465,46-50,F,Sad,Sunny,Evening,Sunday,1,14331.0
U1001,P101,Home,1850,36-45,M,Neutral,Stormy,Afternoon,Sunday,1,14888.0
U1001,P105,Home,4857,26-35,M,Sad,Cloudy,Night,Wednesday,0,15172.0
U1001,P101,Electronics,2067,18-25,F,Neutral,Sunny,Night,Sunday,1,18552.0
U1001,P102,Beauty,4278,36-45,M,Bored,Stormy,Morning,Tuesday,0,17860.0
U1001,P101,Home,1549,46-50,F,Neutral,Rainy,Evening,Saturday,1,18420.0
U1001,P101,Books,4982,18-25,M,Sad,Rainy,Afternoon,Monday,0,19589.0
U1001,P102,Clothing,1033,46-50,F,Neutral,Cloudy,Morning,Saturday,1,24048.0
U1001,P101,Beauty,2823,36-45,F,Neutral,Rainy,Afternoon,Friday,0,20616.0
U1001,P104,Electronics,2467,36-45,M,Sad,Stormy,Night,Wednesday,0,21589.0
U1001,P102,Beauty,3148,46-50,M,Happy,Rainy,Evening,Tuesday,0,19199.0
U1001,P103,Electronics,167,18-25,F,Anxious,Windy,Night,Friday,0,20280.0
U1001,P102,Clothing,1185,18-25,F,Anxious,Cloudy,Morning,Sunday,1,16169.0
U1001,P101,Electronics,1592,18-25,M,Bored,Rainy,Afternoon,Thursday,0,15805.0
U1001,P102,Clothing,1448,26-35,M,Anxious,Rainy,Afternoon,Sunday,1,12415.0
U1001,P105,Home,2144,36-45,F,Happy,Sunny,Evening,Sunday,1,12830.0
U1001,P104,Clothing,3616,18-25,F,Sad,Windy,Afternoon,Friday,0,12151.0
U1001,P102,Beauty,442,18-25,F,Bored,Cloudy,Morning,Sunday,1,13300.0
U1001,P102,Clothing,4854,46-50,M,Happy,Stormy,Evening,Sunday,1,10594.0
U1001,P102,Home,3840,36-45,F,Anxious,Sunny,Night,Thursday,0,15281.0
U1001,P103,Electronics,4327,36-45,F,Neutral,Sunny,Night,Wednesday,0,17936.0
U1001,P101,Books,871,46-50,M,Sad,Rainy,Afternoon,Tuesday,0,20671.0
U1001,P104,Electronics,293,46-50,F,Anxious,Stormy,Night,Tuesday,0,20094.0
U1001,P103,Clothing,2494,46-50,F,Sad,Rainy,Afternoon,Tuesday,0,18243.0
U1001,P105,Electronics,1892,36-45,F,Sad,Sunny,Afternoon,Monday,0,17121.0
U1001,P101,Books,829,18-25,M,Anxious,Sunny,Afternoon,Saturday,1,18571.0
U1001,P103,Clothing,3551,26-35,F,Sad,Windy,Evening,Wednesday,0,14546.0
U1001,P102,Beauty,4557,26-35,F,Happy,Rainy,Morning,Sunday,1,14257.0
U1001,P102,Home,4797,36-45,M,Anxious,Sunny,Morning,Friday,0,14487.0
U1001,P104,Books,2068,26-35,F,Anxious,Windy,Night,Thursday,0,18413.0
U1001,P105,Home,803,26-35,F,Bored,Sunny,Morning,Saturday,1,20188.0
U1001,P103,Beauty,4513,18-25,M,Anxious,Rainy,Afternoon,Monday,0,18497.0
U1001,P102,Electronics,4748,26-35,F,Bored,Rainy,Morning,Wednesday,0,21118.0
U1001,P105,Books,1912,46-50,F,Anxious,Rainy,Night,Friday,0,25037.0
U1001,P102,Home,2966,26-35,F,Sad,Cloudy,Night,Tuesday,0,23398.0
U1001,P101,Electronics,1456,36-45,F,Anxious,Cloudy,Evening,Wednesday,0,21807.0
U1001,P101,Beauty,3729,18-25,M,Neutral,Sunny,Night,Tuesday,0,18466.0
U1001,P101,Clothing,3728,36-45,M,Anxious,Rainy,Morning,Saturday,1,20127.0
U1001,P101,Home,3411,36-45,M,Neutral,Rainy,Afternoon,Sunday,1,23052.0
U1001,P104,Books,1087,26-35,M,Neutral,Windy,Night,Monday,0,21950.0
U1001,P103,Home,4715,26-35,F,Happy,Sunny,Afternoon,Saturday,1,18289.0
U1001,P103,Electronics,1089,18-25,M,Anxious,Windy,Afternoon,Wednesday,0,21092.0
U1001,P105,Home,3844,46-50,M,Neutral,Cloudy,Afternoon,Saturday,1,19215.0
U1001,P105,Books,2786,46-50,M,Bored,Windy,Afternoon,Wednesday,0,21603.0
U1001,P103,Home,693,18-25,M,Bored,Stormy,Evening,Friday,0,20660.0
U1001,P102,Beauty,2559,46-50,M,Sad,Cloudy,Night,Tuesday,0,17625.0
U1001,P102,Home,4106,18-25,M,Happy,Windy,Night,Monday,0,16773.0
U1001,P105,Beauty,4300,26-35,F,Anxious,Stormy,Morning,Thursday,0,19792.0
U1001,P101,Home,301,18-25,M,Neutral,Rainy,Morning,Thursday,0,19377.0
U1001,P101,Clothing,2096,36-45,F,Neutral,Windy,Morning,Thursday,0,18589.0
U1001,P103,Clothing,486,18-25,M,Neutral,Cloudy,Night,Thursday,0,16841.0
U1001,P101,Home,4463,18-25,F,Neutral,Cloudy,Morning,Tuesday,0,14541.0
U1001,P103,Home,4418,46-50,M,Anxious,Cloudy,Night,Friday,0,18311.0
U1001,P102,Electronics,1531,18-25,M,Neutral,Stormy,Night,Monday,0,20170.0
U1001,P104,Electronics,3600,46-50,M,Bored,Stormy,Afternoon,Sunday,1,17595.0
U1001,P103,Books,459,18-25,M,Neutral,Rainy,Morning,Friday,0,16895.0
U1001,P105,Home,2141,46-50,F,Bored,Stormy,Afternoon,Tuesday,0,17053.0
U1001,P104,Books,3461,18-25,F,Anxious,Cloudy,Afternoon,Monday,0,17098.0
U1001,P102,Electronics,3367,36-45,F,Sad,Windy,Evening,Thursday,0,20073.0
U1001,P101,Beauty,1691,46-50,M,Neutral,Rainy,Evening,Friday,0,18977.0
U1001,P104,Clothing,1929,18-25,M,Anxious,Stormy,Morning,Sunday,1,16250.0
U1001,P103,Clothing,3859,36-45,F,Anxious,Stormy,Night,Friday,0,16648.0
U1001,P101,Clothing,1563,46-50,M,Anxious,Windy,Night,Saturday,1,16907.0
U1001,P105,Books,1557,18-25,M,Neutral,Rainy,Night,Tuesday,0,18011.0
U1001,P102,Home,1499,18-25,F,Bored,Windy,Night,Monday,0,17427.0
U1001,P103,Clothing,4752,46-50,M,Bored,Stormy,Night,Friday,0,15465.0
U1001,P105,Beauty,1278,26-35,M,Happy,Cloudy,Evening,Tuesday,0,16850.0
U1001,P103,Home,2269,46-50,M,Happy,Windy,Evening,Wednesday,0,16437.0
U1001,P103,Clothing,885,36-45,M,Neutral,Windy,Evening,Wednesday,0,16777.0
U1001,P103,Clothing,3240,46-50,M,Happy,Windy,Night,Wednesday,0,13803.0
U1001,P101,Clothing,2452,36-45,F,Anxious,Sunny,Night,Saturday,1,15480.0
U1001,P104,Home,2032,26-35,F,Bored,Rainy,Morning,Wednesday,0,16375.0
U1001,P105,Beauty,440,26-35,M,Happy,Cloudy,Night,Wednesday,0,16908.0
U1001,P101,Beauty,3089,26-35,F,Sad,Rainy,Night,Wednesday,0,12596.0
U1001,P104,Electronics,1656,18-25,M,Sad,Stormy,Evening,Friday,0,14407.0
U1001,P101,Electronics,238,26-35,M,Happy,Sunny,Evening,Saturday,1,13794.0
U1001,P104,Electronics,1622,18-25,M,Sad,Rainy,Afternoon,Monday,0,13147.0
U1001,P105,Home,2251,18-25,F,Anxious,Sunny,Morning,Sunday,1,11529.0
U1001,P105,Electronics,3835,46-50,M,Anxious,Rainy,Afternoon,Saturday,1,11328.0
U1001,P104,Electronics,3262,46-50,M,Neutral,Rainy,Evening,Thursday,0,13131.0
U1001,P102,Books,2393,26-35,M,Neutral,Rainy,Morning,Tuesday,0,15953.0
U1001,P101,Electronics,3929,36-45,M,Happy,Rainy,Evening,Monday,0,15257.0
U1001,P101,Home,1307,26-35,F,Bored,Rainy,Night,Sunday,1,17530.0
U1001,P101,Clothing,2060,18-25,M,Neutral,Windy,Night,Sunday,1,18599.0
U1001,P103,Clothing,982,46-50,M,Neutral,Cloudy,Evening,Saturday,1,19037.0
U1001,P101,Clothing,1710,26-35,F,Anxious,Stormy,Morning,Saturday,1,17768.0
U1001,P102,Electronics,2554,46-50,F,Sad,Windy,Afternoon,Saturday,1,15643.0
U1001,P104,Books,4899,36-45,M,Sad,Stormy,Morning,Wednesday,0,14935.0
U1001,P105,Books,3925,26-35,F,Bored,Rainy,Morning,Wednesday,0,17441.0
U1001,P105,Books,4799,18-25,M,Sad,Rainy,Morning,Saturday,1,17437.0
U1001,P103,Clothing,2070,26-35,F,Sad,Stormy,Night,Saturday,1,20929.0
U1001,P103,Clothing,2919,18-25,M,Anxious,Rainy,Afternoon,Wednesday,0,20939.0
U1001,P104,Books,1002,46-50,F,Neutral,Sunny,Morning,Thursday,0,22876.0
U1001,P104,Home,4358,18-25,M,Sad,Rainy,Morning,Sunday,1,22168.0
U1001,P105,Clothing,215,18-25,F,Happy,Cloudy,Afternoon,Monday,0,23972.0
U1001,P102,Electronics,2590,36-45,M,Anxious,Rainy,Afternoon,Thursday,0,19288.0
U1001,P102,Home,1042,18-25,F,Neutral,Rainy,Night,Saturday,1,17953.0
U1001,P104,Home,2867,36-45,M,Anxious,Cloudy,Evening,Monday,0,14196.0
U1001,P105,Beauty,4878,46-50,M,Sad,Stormy,Morning,Friday,0,14993.0
U1001,P102,Home,3498,46-50,M,Happy,Windy,Afternoon,Thursday,0,16952.0
U1001,P105,Books,2794,46-50,M,Bored,Windy,Morning,Monday,0,19448.0
U1001,P105,Beauty,4774,26-35,M,Sad,Stormy,Morning,Monday,0,17884.0
U1001,P105,Clothing,3058,36-45,M,Bored,Rainy,Afternoon,Saturday,1,22443.0
U1001,P105,Electronics,3298,18-25,F,Happy,Stormy,Night,Sunday,1,22911.0
U1001,P102,Beauty,3847,36-45,M,Bored,Cloudy,Night,Saturday,1,25167.0
U1001,P105,Home,3706,26-35,F,Bored,Windy,Evening,Thursday,0,26147.0
U1001,P101,Home,4997,26-35,F,Sad,Rainy,Morning,Friday,0,24975.0
U1001,P102,Electronics,2114,26-35,M,Sad,Windy,Night,Sunday,1,26474.0
U1001,P104,Clothing,2258,26-35,M,Bored,Rainy,Afternoon,Sunday,1,25794.0
U1001,P105,Clothing,1338,36-45,F,Neutral,Stormy,Morning,Tuesday,0,23278.0
U1001,P103,Beauty,3801,18-25,F,Happy,Rainy,Evening,Friday,0,21558.0
U1001,P103,Beauty,3958,26-35,M,Neutral,Windy,Evening,Friday,0,22061.0
U1001,P103,Home,1404,18-25,M,Happy,Windy,Night,Sunday,1,22172.0
U1001,P103,Books,282,18-25,F,Sad,Windy,Afternoon,Tuesday,0,19870.0
U1001,P103,Beauty,259,26-35,F,Anxious,Windy,Afternoon,Sunday,1,15155.0
U1001,P102,Home,2407,26-35,M,Happy,Stormy,Night,Thursday,0,13300.0
U1001,P101,Clothing,3897,26-35,M,Neutral,Sunny,Evening,Sunday,1,13449.0
U1001,P104,Electronics,767,36-45,F,Happy,Windy,Morning,Wednesday,0,16008.0
U1001,P103,Clothing,2324,18-25,F,Sad,Cloudy,Evening,Wednesday,0,12974.0
U1001,P105,Clothing,2771,36-45,M,Bored,Rainy,Afternoon,Sunday,1,11340.0
U1001,P101,Books,2048,36-45,F,Sad,Sunny,Morning,Saturday,1,12707.0
U1001,P103,Books,2110,26-35,F,Sad,Sunny,Afternoon,Sunday,1,14473.0
U1001,P105,Electronics,3900,46-50,M,Sad,Windy,Evening,Friday,0,16324.0
U1001,P101,Beauty,4088,18-25,F,Anxious,Cloudy,Afternoon,Saturday,1,17817.0
U1001,P105,Electronics,4988,18-25,M,Bored,Stormy,Night,Monday,0,18008.0
U1001,P102,Electronics,4728,18-25,F,Bored,Windy,Morning,Thursday,0,22229.0
U1001,P101,Beauty,1416,46-50,F,Anxious,Windy,Evening,Saturday,1,24633.0
U1001,P102,Books,2957,36-45,F,Happy,Windy,Afternoon,Saturday,1,23278.0
U1001,P102,Electronics,2687,46-50,F,Neutral,Sunny,Evening,Sunday,1,24187.0
U1001,P102,Clothing,1619,18-25,F,Anxious,Windy,Afternoon,Monday,0,24764.0
U1001,P105,Books,991,36-45,F,Anxious,Windy,Afternoon,Saturday,1,22483.0
U1001,P101,Clothing,4524,18-25,M,Anxious,Windy,Morning,Saturday,1,19386.0
U1001,P104,Beauty,3993,18-25,M,Happy,Stormy,Morning,Friday,0,18922.0
U1001,P104,Clothing,2105,36-45,F,Bored,Sunny,Evening,Monday,0,18187.0
U1001,P103,Electronics,2768,18-25,F,Sad,Stormy,Night,Sunday,1,18876.0
U1001,P103,Clothing,1296,18-25,M,Bored,Stormy,Evening,Thursday,0,18687.0
U1001,P105,Home,875,36-45,F,Bored,Windy,Evening,Monday,0,17296.0
U1001,P102,Clothing,3704,18-25,M,Happy,Stormy,Morning,Tuesday,0,16552.0
U1001,P103,Home,1648,46-50,M,Neutral,Rainy,Morning,Tuesday,0,19265.0
U1001,P103,Beauty,2201,46-50,F,Neutral,Rainy,Morning,Thursday,0,16389.0
U1001,P103,Clothing,3696,46-50,M,Neutral,Rainy,Evening,Monday,0,14597.0
U1001,P102,Home,2761,36-45,M,Neutral,Stormy,Morning,Wednesday,0,16188.0
U1001,P104,Beauty,3951,18-25,M,Bored,Sunny,Afternoon,Monday,0,16181.0
U1001,P105,Home,3353,36-45,F,Bored,Sunny,Morning,Thursday,0,18836.0
U1001,P102,Home,4004,18-25,M,Anxious,Cloudy,Evening,Sunday,1,21314.0
U1001,P102,Beauty,3864,46-50,M,Happy,Rainy,Morning,Saturday,1,21614.0
U1001,P105,Beauty,2322,46-50,M,Neutral,Windy,Afternoon,Sunday,1,23830.0
U1001,P105,Clothing,2892,26-35,F,Happy,Rainy,Night,Friday,0,23951.0
U1001,P104,Beauty,4163,26-35,M,Neutral,Rainy,Afternoon,Wednesday,0,23147.0
U1001,P102,Clothing,132,36-45,F,Bored,Windy,Afternoon,Sunday,1,24549.0
U1001,P101,Books,4125,18-25,M,Neutral,Windy,Afternoon,Wednesday,0,20730.0
U1001,P105,Beauty,819,46-50,M,Anxious,Stormy,Afternoon,Sunday,1,21502.0
U1001,P105,Electronics,4679,18-25,F,Bored,Rainy,Evening,Tuesday,0,18317.0
U1001,P102,Electronics,2307,18-25,M,Happy,Sunny,Morning,Saturday,1,19132.0
U1001,P102,Home,3216,46-50,M,Sad,Cloudy,Afternoon,Wednesday,0,19117.0
U1001,P105,Electronics,4811,26-35,F,Bored,Sunny,Afternoon,Thursday,0,19441.0
U1001,P105,Clothing,1202,46-50,M,Sad,Rainy,Afternoon,Wednesday,0,20089.0
U1001,P102,Clothing,730,26-35,M,Anxious,Stormy,Evening,Tuesday,0,21159.0
U1001,P101,Beauty,1947,36-45,F,Sad,Sunny,Afternoon,Thursday,0,17764.0
U1001,P103,Home,1079,46-50,F,Bored,Stormy,Morning,Wednesday,0,18892.0
U1001,P101,Clothing,3971,36-45,F,Sad,Cloudy,Afternoon,Monday,0,15292.0
U1001,P101,Clothing,377,36-45,F,Happy,Rainy,Morning,Thursday,0,16956.0
U1001,P104,Home,332,46-50,M,Neutral,Rainy,Evening,Sunday,1,14117.0
U1001,P105,Electronics,1652,36-45,M,Sad,Cloudy,Evening,Sunday,1,9638.0
U1001,P101,Beauty,3612,26-35,M,Anxious,Sunny,Night,Saturday,1,10088.0
U1001,P103,Electronics,125,26-35,M,Sad,Cloudy,Afternoon,Saturday,1,12970.0
U1001,P101,Books,3583,46-50,M,Happy,Sunny,Evening,Sunday,1,11148.0
U1001,P102,Home,315,46-50,M,Sad,Sunny,Evening,Saturday,1,13652.0
U1001,P104,Beauty,2941,26-35,M,Bored,Windy,Night,Wednesday,0,9996.0
U1001,P105,Home,2152,18-25,F,Sad,Sunny,Morning,Sunday,1,12560.0
U1001,P102,Electronics,1796,18-25,M,Bored,Cloudy,Evening,Tuesday,0,14380.0
U1001,P104,Home,2569,36-45,M,Anxious,Rainy,Evening,Wednesday,0,14524.0
U1001,P104,Home,3909,26-35,F,Bored,Sunny,Night,Monday,0,13481.0
U1001,P105,Books,3744,18-25,F,Bored,Windy,Morning,Thursday,0,17265.0
U1001,P101,Beauty,2600,36-45,M,Happy,Rainy,Evening,Friday,0,17426.0
U1001,P103,Clothing,2032,46-50,F,Neutral,Sunny,Night,Sunday,1,19711.0
U1001,P103,Books,1857,36-45,M,Bored,Windy,Morning,Monday,0,18802.0
U1001,P105,Books,3599,18-25,M,Bored,Windy,Evening,Friday,0,18507.0
U1001,P103,Beauty,719,26-35,M,Anxious,Cloudy,Night,Monday,0,20310.0
U1001,P104,Home,3332,18-25,M,Bored,Cloudy,Morning,Sunday,1,18460.0
U1001,P103,Home,1646,46-50,F,Happy,Windy,Morning,Monday,0,17883.0
U1001,P105,Books,985,26-35,M,Anxious,Cloudy,Afternoon,Sunday,1,15785.0
U1001,P103,Books,2101,26-35,F,Anxious,Windy,Morning,Thursday,0,14170.0
U1001,P101,Beauty,982,26-35,F,Sad,Sunny,Afternoon,Monday,0,14239.0
U1001,P102,Home,3525,36-45,F,Sad,Windy,Evening,Wednesday,0,13364.0
U1001,P105,Books,4814,46-50,F,Sad,Windy,Morning,Friday,0,13290.0
U1001,P102,Electronics,1029,36-45,F,Neutral,Cloudy,Afternoon,Thursday,0,17385.0
U1001,P105,Beauty,3312,46-50,M,Neutral,Cloudy,Night,Sunday,1,15082.0
U1001,P104,Electronics,2509,18-25,M,Anxious,Sunny,Night,Wednesday,0,16748.0
U1001,P102,Books,3767,46-50,M,Anxious,Windy,Afternoon,Sunday,1,18272.0
U1001,P103,Electronics,185,46-50,M,Neutral,Windy,Night,Wednesday,0,19938.0
U1001,P104,Clothing,3683,36-45,M,Happy,Sunny,Night,Tuesday,0,19141.0
U1001,P104,Beauty,2317,26-35,F,Anxious,Rainy,Morning,Friday,0,19299.0
U1001,P104,Beauty,2469,46-50,F,Neutral,Stormy,Evening,Monday,0,16802.0
U1001,P101,Beauty,2937,26-35,M,Bored,Windy,Morning,Wednesday,0,18242.0
U1001,P102,Home,4544,36-45,F,Sad,Rainy,Morning,Friday,0,17867.0
U1001,P102,Electronics,2887,18-25,M,Happy,Windy,Afternoon,Wednesday,0,19902.0
U1001,P105,Electronics,1561,26-35,F,Happy,Sunny,Evening,Saturday,1,19022.0
U1001,P104,Home,3418,18-25,F,Neutral,Cloudy,Afternoon,Friday,0,20398.0
U1001,P105,Electronics,2752,26-35,M,Neutral,Stormy,Night,Wednesday,0,20133.0
U1001,P104,Home,4522,18-25,M,Neutral,Rainy,Morning,Saturday,1,20568.0
U1001,P101,Beauty,1079,36-45,F,Sad,Windy,Evening,Wednesday,0,22621.0
U1001,P102,Home,1729,36-45,F,Neutral,Rainy,Night,Wednesday,0,20763.0
U1001,P102,Books,3796,18-25,F,Anxious,Cloudy,Evening,Thursday,0,17948.0
U1001,P105,Electronics,215,26-35,M,Neutral,Stormy,Afternoon,Thursday,0,18857.0
U1001,P101,Clothing,1164,18-25,M,Sad,Sunny,Afternoon,Tuesday,0,17511.0
U1001,P104,Electronics,4300,36-45,M,Bored,Cloudy,Night,Thursday,0,15257.0
U1001,P101,Home,4846,18-25,F,Neutral,Windy,Night,Thursday,0,16805.0
U1001,P103,Beauty,760,46-50,M,Neutral,Stormy,Evening,Tuesday,0,17129.0
U1001,P101,Beauty,2429,26-35,M,Neutral,Windy,Evening,Saturday,1,16810.0
U1001,P104,Beauty,2550,26-35,F,Bored,Stormy,Afternoon,Wednesday,0,17510.0
U1001,P103,Beauty,2138,26-35,F,Anxious,Cloudy,Evening,Saturday,1,16264.0
U1001,P104,Books,4657,46-50,M,Sad,Sunny,Evening,Friday,0,18187.0
U1001,P102,Electronics,2279,36-45,M,Sad,Cloudy,Morning,Tuesday,0,21680.0
U1001,P103,Home,973,36-45,F,Sad,Sunny,Afternoon,Monday,0,19659.0
U1001,P101,Beauty,1522,18-25,F,Neutral,Sunny,Night,Friday,0,15786.0
U1001,P103,Beauty,4075,46-50,F,Bored,Windy,Night,Saturday,1,16548.0
U1001,P104,Clothing,3318,18-25,F,Happy,Cloudy,Morning,Thursday,0,18194.0
U1001,P103,Electronics,4307,26-35,F,Bored,Cloudy,Afternoon,Thursday,0,18962.0
U1001,P104,Electronics,3071,46-50,F,Sad,Cloudy,Afternoon,Thursday,0,21131.0
U1001,P102,Clothing,4670,36-45,M,Bored,Windy,Morning,Saturday,1,19545.0
U1001,P101,Books,2568,36-45,F,Bored,Stormy,Afternoon,Monday,0,21936.0
U1001,P101,Clothing,2683,18-25,F,Happy,Stormy,Morning,Monday,0,23531.0
U1001,P105,Beauty,4006,18-25,M,Bored,Stormy,Morning,Monday,0,24692.0
U1001,P105,Beauty,389,36-45,F,Anxious,Rainy,Evening,Friday,0,24623.0
U1001,P101,Clothing,3024,46-50,F,Neutral,Cloudy,Morning,Friday,0,21694.0
U1001,P105,Clothing,680,18-25,M,Bored,Cloudy,Evening,Thursday,0,20411.0
U1001,P101,Clothing,799,36-45,M,Sad,Rainy,Afternoon,Sunday,1,18020.0
U1001,P101,Home,4159,26-35,F,Happy,Rainy,Morning,Friday,0,14149.0
U1001,P104,Electronics,1235,46-50,F,Neutral,Windy,Night,Wednesday,0,15740.0
U1001,P102,Clothing,305,36-45,M,Happy,Sunny,Night,Sunday,1,14292.0
U1002,P103,Electronics,2311,46-50,M,Bored,Windy,Afternoon,Tuesday,0,0.0
U1002,P105,Home,1998,18-25,M,Happy,Stormy,Night,Monday,0,2311.0
U1002,P101,Clothing,3076,36-45,F,Neutral,Stormy,Afternoon,Tuesday,0,4309.0
U1002,P103,Home,712,26-35,F,Sad,Rainy,Night,Sunday,1,7385.0
U1002,P105,Clothing,787,18-25,M,Neutral,Sunny,Afternoon,Thursday,0,8097.0
U1002,P102,Books,3790,18-25,F,Neutral,Rainy,Afternoon,Tuesday,0,8884.0
U1002,P101,Beauty,2796,36-45,M,Sad,Cloudy,Morning,Tuesday,0,12674.0
U1002,P102,Books,4058,18-25,F,Anxious,Rainy,Morning,Friday,0,15470.0
U1002,P105,Home,1225,46-50,M,Sad,Cloudy,Morning,Friday,0,17217.0
U1002,P102,Books,2500,46-50,F,Anxious,Windy,Afternoon,Tuesday,0,16444.0
U1002,P102,Books,2343,36-45,M,Neutral,Rainy,Morning,Saturday,1,15868.0
U1002,P101,Clothing,2039,36-45,F,Anxious,Cloudy,Afternoon,Thursday,0,17499.0
U1002,P102,Home,4671,18-25,F,Bored,Cloudy,Night,Monday,0,18751.0
U1002,P104,Clothing,3448,26-35,M,Bored,Sunny,Evening,Wednesday,0,19632.0
U1002,P101,Electronics,3931,26-35,F,Sad,Rainy,Morning,Wednesday,0,20284.0
U1002,P104,Books,1341,46-50,M,Anxious,Rainy,Night,Saturday,1,20157.0
U1002,P103,Home,1080,18-25,M,Bored,Sunny,Afternoon,Friday,0,20273.0
U1002,P101,Beauty,1815,18-25,F,Bored,Cloudy,Afternoon,Thursday,0,18853.0
U1002,P103,Home,4484,36-45,F,Neutral,Stormy,Morning,Saturday,1,18325.0
U1002,P104,Clothing,1189,46-50,M,Bored,Sunny,Evening,Sunday,1,20770.0
U1002,P104,Books,2395,46-50,M,Anxious,Stormy,Morning,Saturday,1,17288.0
U1002,P102,Clothing,255,46-50,M,Bored,Windy,Evening,Thursday,0,16235.0
U1002,P103,Home,1170,26-35,F,Anxious,Cloudy,Evening,Wednesday,0,12559.0
U1002,P101,Clothing,2058,18-25,F,Happy,Stormy,Afternoon,Monday,0,12388.0
U1002,P105,Home,2601,36-45,F,Anxious,Rainy,Afternoon,Friday,0,13366.0
U1002,P104,Beauty,3930,46-50,F,Sad,Sunny,Evening,Wednesday,0,14152.0
U1002,P102,Electronics,2338,26-35,F,Bored,Cloudy,Evening,Monday,0,13598.0
U1002,P101,Home,1702,26-35,F,Neutral,Sunny,Afternoon,Saturday,1,14747.0
U1002,P104,Electronics,4728,26-35,F,Bored,Cloudy,Morning,Thursday,0,14054.0
U1002,P105,Home,1436,26-35,M,Neutral,Windy,Evening,Monday,0,18527.0
U1002,P102,Clothing,3800,18-25,M,Bored,Stormy,Evening,Tuesday,0,18793.0
U1002,P102,Books,3473,46-50,M,Anxious,Rainy,Evening,Thursday,0,20535.0
U1002,P103,Books,1887,26-35,F,Neutral,Rainy,Evening,Thursday,0,21407.0
U1002,P104,Home,4841,46-50,F,Happy,Stormy,Evening,Sunday,1,19364.0
U1002,P105,Books,2697,36-45,F,Anxious,Stormy,Night,Tuesday,0,21867.0
U1002,P103,Home,939,18-25,F,Anxious,Stormy,Morning,Tuesday,0,22862.0
U1002,P101,Home,2612,26-35,M,Bored,Cloudy,Evening,Tuesday,0,19073.0
U1002,P105,Beauty,364,36-45,M,Sad,Sunny,Afternoon,Thursday,0,20249.0
U1002,P103,Electronics,140,46-50,F,Happy,Stormy,Morning,Saturday,1,16813.0
U1002,P105,Home,4890,18-25,M,Sad,Cloudy,Evening,Sunday,1,13480.0
U1002,P105,Electronics,878,26-35,F,Sad,Windy,Evening,Saturday,1,16483.0
U1002,P101,Home,4040,26-35,F,Sad,Rainy,Afternoon,Friday,0,12520.0
U1002,P101,Clothing,1158,26-35,F,Happy,Rainy,Afternoon,Tuesday,0,13863.0
U1002,P103,Beauty,827,18-25,F,Anxious,Rainy,Night,Thursday,0,14082.0
U1002,P101,Clothing,3759,26-35,M,Sad,Stormy,Afternoon,Saturday,1,12297.0
U1002,P104,Books,626,36-45,M,Happy,Sunny,Morning,Tuesday,0,15692.0
U1002,P101,Electronics,2495,36-45,F,Sad,Rainy,Evening,Friday,0,16178.0
U1002,P103,Electronics,3893,26-35,M,Sad,Stormy,Night,Thursday,0,13783.0
U1002,P101,Beauty,4975,18-25,F,Neutral,Sunny,Afternoon,Friday,0,16798.0
U1002,P103,Electronics,4457,26-35,F,Anxious,Sunny,Morning,Sunday,1,17733.0
U1002,P102,Home,4478,26-35,F,Neutral,Stormy,Evening,Thursday,0,21032.0
U1002,P103,Home,4636,18-25,M,Sad,Cloudy,Night,Monday,0,24683.0
U1002,P103,Books,4896,26-35,M,Bored,Cloudy,Afternoon,Saturday,1,25560.0
U1002,P104,Beauty,2196,46-50,F,Bored,Windy,Evening,Friday,0,29830.0
U1002,P101,Electronics,1259,36-45,F,Sad,Rainy,Morning,Thursday,0,29531.0
U1002,P103,Beauty,3928,36-45,F,Bored,Rainy,Evening,Thursday,0,26897.0
U1002,P101,Electronics,1900,46-50,F,Happy,Cloudy,Evening,Wednesday,0,25850.0
U1002,P105,Books,3212,26-35,F,Neutral,Sunny,Morning,Wednesday,0,23293.0
U1002,P105,Books,2274,36-45,M,Bored,Cloudy,Afternoon,Sunday,1,22027.0
U1002,P103,Home,3339,46-50,M,Bored,Windy,Afternoon,Saturday,1,19665.0
U1002,P104,Home,4651,46-50,F,Anxious,Sunny,Morning,Friday,0,18108.0
U1002,P103,Clothing,3421,18-25,M,Neutral,Windy,Morning,Sunday,1,20563.0
U1002,P101,Books,273,26-35,F,Bored,Cloudy,Morning,Thursday,0,22725.0
U1002,P103,Beauty,826,36-45,F,Anxious,Sunny,Morning,Saturday,1,19070.0
U1002,P105,Beauty,1975,26-35,M,Bored,Sunny,Afternoon,Saturday,1,17996.0
U1002,P104,Books,1035,36-45,F,Bored,Rainy,Afternoon,Sunday,1,16759.0
U1002,P101,Clothing,3908,46-50,M,Bored,Windy,Morning,Sunday,1,15520.0
U1002,P102,Home,3549,18-25,F,Neutral,Windy,Evening,Saturday,1,16089.0
U1002,P101,Clothing,1942,18-25,M,Bored,Rainy,Evening,Wednesday,0,14987.0
U1002,P101,Home,1966,36-45,M,Sad,Stormy,Morning,Thursday,0,13508.0
U1002,P105,Electronics,4405,36-45,F,Neutral,Rainy,Morning,Sunday,1,15201.0
U1002,P103,Home,3289,18-25,F,Sad,Sunny,Morning,Tuesday,0,18780.0
U1002,P105,Clothing,4108,18-25,M,Neutral,Rainy,Morning,Tuesday,0,20094.0
U1002,P105,Electronics,2382,36-45,F,Neutral,Windy,Night,Tuesday,0,23167.0
U1002,P103,Home,1956,18-25,M,Anxious,Stormy,Evening,Saturday,1,21641.0
U1002,P101,Beauty,2098,18-25,M,Anxious,Stormy,Afternoon,Friday,0,20048.0
U1002,P104,Clothing,1230,26-35,F,Bored,Windy,Morning,Saturday,1,20204.0
U1002,P102,Home,3535,36-45,M,Bored,Rainy,Morning,Sunday,1,19468.0
U1002,P102,Beauty,2043,18-25,M,Neutral,Rainy,Evening,Tuesday,0,18598.0
U1002,P101,Electronics,3364,46-50,F,Neutral,Sunny,Evening,Wednesday,0,17352.0
U1002,P104,Home,3373,18-25,F,Neutral,Sunny,Evening,Sunday,1,16608.0
U1002,P104,Books,1013,18-25,F,Anxious,Sunny,Morning,Tuesday,0,17599.0
U1002,P102,Electronics,4321,46-50,M,Neutral,Windy,Evening,Wednesday,0,16656.0
U1002,P105,Books,3799,46-50,M,Happy,Sunny,Night,Sunday,1,18879.0
U1002,P101,Electronics,1154,46-50,M,Anxious,Stormy,Morning,Tuesday,0,21448.0
U1002,P102,Books,4737,18-25,F,Neutral,Windy,Night,Sunday,1,19067.0
U1002,P103,Home,4272,26-35,M,Happy,Windy,Evening,Thursday,0,21761.0
U1002,P101,Clothing,2256,46-50,F,Happy,Stormy,Morning,Sunday,1,22669.0
U1002,P104,Beauty,4263,18-25,M,Anxious,Rainy,Night,Tuesday,0,21552.0
U1002,P105,Clothing,2821,26-35,F,Bored,Stormy,Afternoon,Friday,0,24802.0
U1002,P101,Books,2490,36-45,M,Neutral,Windy,Night,Tuesday,0,23302.0
U1002,P105,Clothing,1046,46-50,M,Sad,Rainy,Morning,Wednesday,0,21993.0
U1002,P103,Home,1477,36-45,M,Neutral,Rainy,Afternoon,Tuesday,0,21885.0
U1002,P102,Home,1539,26-35,F,Bored,Sunny,Afternoon,Thursday,0,18625.0
U1002,P104,Home,458,36-45,M,Sad,Cloudy,Morning,Tuesday,0,15892.0
U1002,P103,Electronics,1407,26-35,F,Neutral,Rainy,Night,Thursday,0,14094.0
U1002,P102,Home,2760,36-45,F,Anxious,Windy,Afternoon,Friday,0,11238.0
U1002,P104,Home,2311,46-50,F,Happy,Stormy,Evening,Wednesday,0,11177.0
U1002,P101,Clothing,2009,26-35,F,Sad,Sunny,Morning,Wednesday,0,10998.0
U1002,P102,Beauty,3830,26-35,M,Happy,Stormy,Evening,Monday,0,11961.0
U1002,P103,Home,2146,46-50,M,Bored,Rainy,Afternoon,Wednesday,0,14314.0
U1002,P105,Beauty,366,46-50,M,Neutral,Stormy,Evening,Saturday,1,14921.0
U1002,P103,Clothing,3311,46-50,F,Neutral,Cloudy,Evening,Monday,0,14829.0
U1002,P104,Electronics,3832,26-35,F,Neutral,Stormy,Evening,Tuesday,0,16733.0
U1002,P104,Beauty,4910,18-25,F,Anxious,Rainy,Evening,Saturday,1,17805.0
U1002,P105,Clothing,2908,36-45,M,Sad,Cloudy,Morning,Sunday,1,20404.0
U1002,P102,Home,3636,26-35,F,Bored,Cloudy,Afternoon,Wednesday,0,21303.0
U1002,P105,Clothing,464,18-25,M,Bored,Stormy,Afternoon,Tuesday,0,21109.0
U1002,P102,Electronics,3520,18-25,M,Bored,Stormy,Afternoon,Friday,0,19427.0
U1002,P104,Beauty,4006,46-50,M,Anxious,Windy,Morning,Tuesday,0,22581.0
U1002,P104,Beauty,3053,36-45,F,Anxious,Stormy,Evening,Friday,0,23276.0
U1002,P102,Clothing,2467,46-50,M,Sad,Rainy,Night,Tuesday,0,22497.0
U1002,P102,Home,2099,18-25,F,Sad,Windy,Evening,Monday,0,20054.0
U1002,P101,Home,3852,18-25,F,Bored,Stormy,Afternoon,Monday,0,19245.0
U1002,P101,Beauty,1409,46-50,F,Anxious,Cloudy,Night,Sunday,1,19461.0
U1002,P102,Clothing,3334,18-25,M,Sad,Windy,Morning,Tuesday,0,20406.0
U1002,P101,Beauty,2941,26-35,M,Neutral,Stormy,Afternoon,Monday,0,20220.0
U1002,P103,Books,4308,46-50,F,Sad,Rainy,Evening,Wednesday,0,19155.0
U1002,P104,Clothing,3659,36-45,F,Anxious,Rainy,Night,Wednesday,0,20410.0
U1002,P105,Clothing,3463,18-25,F,Sad,Windy,Morning,Monday,0,21602.0
U1002,P102,Books,4336,46-50,F,Neutral,Stormy,Morning,Thursday,0,22966.0
U1002,P101,Beauty,4843,18-25,F,Anxious,Stormy,Night,Friday,0,23450.0
U1002,P101,Books,300,18-25,M,Happy,Stormy,Night,Saturday,1,26884.0
U1002,P105,Home,2341,36-45,M,Bored,Cloudy,Afternoon,Friday,0,23850.0
U1002,P101,Home,3526,46-50,F,Neutral,Stormy,Evening,Sunday,1,23250.0
U1002,P102,Home,1009,46-50,F,Sad,Windy,Afternoon,Thursday,0,22468.0
U1002,P102,Beauty,3744,18-25,M,Bored,Cloudy,Morning,Tuesday,0,19818.0
U1002,P102,Books,2230,18-25,F,Neutral,Stormy,Afternoon,Friday,0,20099.0
U1002,P103,Beauty,4645,18-25,M,Anxious,Rainy,Afternoon,Sunday,1,17993.0
U1002,P103,Books,2655,46-50,F,Neutral,Cloudy,Night,Sunday,1,17795.0
U1002,P105,Beauty,3051,46-50,M,Bored,Windy,Evening,Saturday,1,20150.0
U1002,P103,Clothing,1073,18-25,F,Happy,Sunny,Evening,Monday,0,20860.0
U1002,P103,Beauty,4827,18-25,M,Anxious,Sunny,Night,Monday,0,18407.0
U1002,P104,Electronics,4065,36-45,F,Bored,Stormy,Evening,Tuesday,0,22225.0
U1002,P101,Beauty,1150,46-50,F,Bored,Cloudy,Evening,Friday,0,22546.0
U1002,P102,Clothing,1688,18-25,F,Happy,Sunny,Afternoon,Sunday,1,21466.0
U1002,P105,Beauty,3978,26-35,M,Happy,Stormy,Morning,Thursday,0,18509.0
U1002,P102,Beauty,536,26-35,F,Anxious,Cloudy,Morning,Thursday,0,19832.0
U1002,P102,Clothing,152,26-35,M,Anxious,Sunny,Afternoon,Monday,0,17317.0
U1002,P101,Home,3802,36-45,F,Neutral,Cloudy,Night,Friday,0,16396.0
U1002,P103,Beauty,2441,36-45,M,Anxious,Stormy,Evening,Friday,0,15371.0
U1002,P102,Beauty,917,36-45,M,Anxious,Windy,Afternoon,Sunday,1,13747.0
U1002,P105,Electronics,2537,26-35,F,Neutral,Rainy,Evening,Friday,0,13514.0
U1002,P105,Home,918,46-50,F,Happy,Rainy,Night,Wednesday,0,14363.0
U1002,P103,Electronics,1206,36-45,F,Neutral,Cloudy,Afternoon,Wednesday,0,11303.0
U1002,P101,Clothing,297,18-25,M,Bored,Cloudy,Night,Sunday,1,11973.0
U1002,P101,Home,3592,18-25,F,Bored,Rainy,Morning,Sunday,1,12118.0
U1002,P101,Electronics,4218,36-45,M,Bored,Rainy,Evening,Sunday,1,11908.0
U1002,P105,Home,3896,26-35,M,Sad,Sunny,Afternoon,Tuesday,0,13685.0
U1002,P101,Beauty,1028,26-35,M,Sad,Rainy,Morning,Monday,0,16664.0
U1002,P103,Electronics,622,36-45,F,Neutral,Windy,Night,Wednesday,0,15155.0
U1002,P102,Beauty,3623,18-25,M,Neutral,Rainy,Night,Monday,0,14859.0
U1002,P103,Home,326,18-25,M,Anxious,Sunny,Night,Wednesday,0,17276.0
U1002,P102,Home,496,18-25,M,Neutral,Rainy,Evening,Monday,0,17305.0
U1002,P103,Beauty,3337,26-35,F,Bored,Stormy,Evening,Friday,0,14209.0
U1002,P105,Home,2116,36-45,F,Sad,Rainy,Evening,Thursday,0,13328.0
U1002,P102,Clothing,1872,18-25,F,Anxious,Rainy,Evening,Thursday,0,11548.0
U1002,P104,Books,261,18-25,F,Anxious,Windy,Night,Sunday,1,12392.0
U1002,P101,Electronics,4076,26-35,M,Neutral,Windy,Night,Monday,0,12031.0
U1002,P102,Electronics,639,18-25,F,Sad,Windy,Night,Thursday,0,12484.0
U1002,P101,Clothing,1561,36-45,M,Bored,Sunny,Afternoon,Monday,0,12797.0
U1002,P102,Books,2196,26-35,F,Neutral,Rainy,Morning,Thursday,0,13862.0
U1002,P102,Clothing,4313,46-50,M,Bored,Stormy,Evening,Wednesday,0,12721.0
U1002,P105,Home,2200,26-35,M,Happy,Sunny,Morning,Tuesday,0,14918.0
U1002,P102,Clothing,3757,46-50,F,Bored,Stormy,Evening,Saturday,1,15246.0
U1002,P103,Books,4753,18-25,F,Happy,Stormy,Night,Saturday,1,18742.0
U1002,P105,Clothing,3273,18-25,F,Anxious,Rainy,Afternoon,Friday,0,19419.0
U1002,P105,Books,2105,26-35,M,Neutral,Cloudy,Night,Saturday,1,22053.0
U1002,P104,Home,4593,46-50,F,Sad,Stormy,Morning,Tuesday,0,22597.0
U1002,P104,Electronics,486,36-45,F,Anxious,Windy,Night,Saturday,1,24994.0
U1002,P104,Electronics,2377,18-25,F,Happy,Stormy,Evening,Friday,0,21167.0
U1002,P104,Books,3775,46-50,M,Happy,Cloudy,Night,Wednesday,0,21344.0
U1002,P104,Beauty,2903,46-50,F,Neutral,Sunny,Afternoon,Thursday,0,21362.0
U1002,P102,Beauty,4502,26-35,M,Happy,Cloudy,Night,Saturday,1,19512.0
U1002,P103,Home,4652,26-35,F,Anxious,Sunny,Afternoon,Sunday,1,20741.0
U1002,P102,Clothing,4420,26-35,F,Happy,Cloudy,Afternoon,Saturday,1,23288.0
U1002,P103,Beauty,3385,18-25,M,Happy,Sunny,Afternoon,Wednesday,0,23115.0
U1002,P101,Home,294,18-25,F,Neutral,Stormy,Afternoon,Tuesday,0,26014.0
U1002,P101,Books,4096,36-45,F,Neutral,Stormy,Afternoon,Monday,0,23931.0
U1002,P103,Clothing,588,36-45,M,Happy,Windy,Evening,Thursday,0,24252.0
U1002,P104,Clothing,2304,36-45,M,Neutral,Windy,Night,Thursday,0,21937.0
U1002,P102,Books,2757,26-35,M,Happy,Windy,Evening,Saturday,1,19739.0
U1002,P103,Books,492,36-45,F,Sad,Stormy,Night,Thursday,0,17844.0
U1002,P102,Electronics,3816,46-50,M,Sad,Sunny,Night,Friday,0,13916.0
U1002,P103,Clothing,2509,36-45,M,Happy,Sunny,Evening,Wednesday,0,14347.0
U1002,P104,Beauty,3273,18-25,F,Happy,Cloudy,Afternoon,Monday,0,16562.0
U1002,P103,Beauty,4881,46-50,M,Anxious,Stormy,Afternoon,Tuesday,0,15739.0
U1002,P105,Beauty,2883,46-50,M,Sad,Cloudy,Night,Monday,0,20032.0
U1002,P102,Clothing,3745,18-25,F,Neutral,Sunny,Evening,Tuesday,0,20611.0
U1002,P102,Clothing,3394,18-25,M,Neutral,Sunny,Morning,Monday,0,21599.0
U1002,P103,Home,3852,36-45,F,Anxious,Sunny,Night,Sunday,1,24501.0
U1002,P104,Electronics,2593,26-35,F,Bored,Cloudy,Evening,Monday,0,24537.0
U1002,P102,Home,107,36-45,F,Bored,Cloudy,Night,Sunday,1,24621.0
U1002,P105,Beauty,2625,26-35,F,Neutral,Cloudy,Evening,Friday,0,21455.0
U1002,P101,Clothing,2119,26-35,M,Anxious,Stormy,Night,Friday,0,19199.0
U1002,P101,Beauty,4382,26-35,M,Happy,Windy,Afternoon,Tuesday,0,18435.0
U1002,P101,Books,2568,26-35,M,Anxious,Windy,Evening,Thursday,0,19072.0
U1002,P105,Books,4109,26-35,F,Neutral,Sunny,Morning,Friday,0,18246.0
U1002,P105,Clothing,3426,36-45,F,Sad,Sunny,Night,Sunday,1,18503.0
U1002,P102,Beauty,3738,18-25,F,Sad,Windy,Afternoon,Friday,0,19336.0
U1002,P103,Electronics,1043,26-35,M,Bored,Rainy,Afternoon,Thursday,0,22967.0
U1002,P101,Beauty,3036,36-45,M,Sad,Rainy,Evening,Saturday,1,21385.0
U1002,P101,Clothing,4047,26-35,M,Anxious,Rainy,Morning,Friday,0,22302.0
U1002,P103,Clothing,1296,26-35,F,Sad,Rainy,Morning,Monday,0,21967.0
U1002,P102,Books,4205,18-25,F,Bored,Sunny,Evening,Saturday,1,20695.0
U1002,P104,Electronics,766,46-50,F,Sad,Windy,Evening,Tuesday,0,20791.0
U1002,P105,Electronics,3924,36-45,F,Bored,Cloudy,Morning,Wednesday,0,18131.0
U1002,P105,Clothing,4029,46-50,M,Bored,Cloudy,Night,Monday,0,18317.0
U1002,P105,Home,792,46-50,M,Neutral,Stormy,Afternoon,Sunday,1,21303.0
U1002,P104,Clothing,3108,46-50,F,Happy,Rainy,Morning,Monday,0,19059.0
U1002,P102,Clothing,2261,46-50,F,Neutral,Sunny,Evening,Sunday,1,18120.0
U1002,P103,Beauty,4510,46-50,M,Neutral,Stormy,Evening,Saturday,1,19085.0
U1002,P104,Books,2013,26-35,F,Happy,Stormy,Evening,Wednesday,0,19390.0
U1002,P105,Books,2501,18-25,M,Anxious,Stormy,Evening,Monday,0,20637.0
U1002,P105,Home,1872,18-25,F,Bored,Windy,Afternoon,Friday,0,19214.0
U1002,P105,Clothing,799,46-50,F,Happy,Stormy,Morning,Sunday,1,17057.0
U1002,P104,Electronics,183,46-50,M,Anxious,Rainy,Morning,Saturday,1,17064.0
U1002,P101,Electronics,2775,26-35,M,Bored,Stormy,Morning,Monday,0,14139.0
U1002,P105,Electronics,3280,26-35,M,Happy,Windy,Morning,Tuesday,0,14653.0
U1002,P104,Beauty,3676,46-50,F,Happy,Cloudy,Afternoon,Friday,0,13423.0
U1002,P101,Electronics,4173,26-35,F,Bored,Stormy,Evening,Saturday,1,15086.0
U1002,P102,Clothing,2580,36-45,F,Bored,Sunny,Night,Saturday,1,16758.0
U1002,P102,Books,353,18-25,M,Sad,Stormy,Evening,Wednesday,0,17466.0
U1002,P102,Beauty,4376,18-25,M,Sad,Rainy,Night,Monday,0,17020.0
U1002,P103,Electronics,1773,26-35,M,Bored,Cloudy,Morning,Tuesday,0,21213.0
U1002,P104,Home,4407,46-50,M,Bored,Rainy,Night,Monday,0,20211.0
U1002,P102,Beauty,4182,36-45,M,Happy,Sunny,Night,Friday,0,21338.0
U1002,P102,Home,3340,26-35,F,Happy,Stormy,Night,Saturday,1,21844.0
U1002,P101,Electronics,3514,46-50,F,Happy,Stormy,Afternoon,Sunday,1,21011.0
U1002,P105,Electronics,405,46-50,M,Anxious,Rainy,Night,Sunday,1,21945.0
U1003,P101,Clothing,1914,36-45,F,Happy,Sunny,Night,Sunday,1,0.0
U1003,P105,Home,4974,26-35,M,Neutral,Stormy,Afternoon,Saturday,1,1914.0
U1003,P104,Electronics,2651,18-25,F,Happy,Rainy,Evening,Sunday,1,6888.0
U1003,P105,Books,575,18-25,M,Bored,Sunny,Afternoon,Sunday,1,9539.0
U1003,P105,Electronics,584,36-45,M,Anxious,Rainy,Morning,Friday,0,10114.0
U1003,P102,Electronics,4754,36-45,M,Happy,Sunny,Morning,Thursday,0,10698.0
U1003,P103,Clothing,2385,36-45,M,Anxious,Windy,Afternoon,Wednesday,0,15452.0
U1003,P105,Home,4663,26-35,F,Sad,Windy,Evening,Tuesday,0,17837.0
U1003,P105,Home,382,26-35,F,Sad,Rainy,Evening,Saturday,1,20586.0
U1003,P104,Beauty,4464,36-45,F,Neutral,Sunny,Night,Monday,0,15994.0
U1003,P101,Beauty,1383,18-25,F,Happy,Windy,Morning,Monday,0,17807.0
U1003,P105,Books,1023,36-45,F,Neutral,Rainy,Evening,Monday,0,18615.0
U1003,P105,Electronics,1660,26-35,M,Happy,Cloudy,Afternoon,Monday,0,19054.0
U1003,P103,Home,3964,46-50,M,Sad,Cloudy,Evening,Friday,0,15960.0
U1003,P105,Books,3169,36-45,F,Anxious,Windy,Night,Saturday,1,17539.0
U1003,P101,Beauty,3647,18-25,M,Anxious,Sunny,Afternoon,Friday,0,16045.0
U1003,P104,Electronics,745,36-45,M,Neutral,Sunny,Afternoon,Sunday,1,19310.0
U1003,P101,Clothing,1999,26-35,M,Anxious,Cloudy,Evening,Saturday,1,15591.0
U1003,P102,Beauty,2604,18-25,M,Anxious,Stormy,Night,Monday,0,16207.0
U1003,P102,Home,687,36-45,M,Happy,Stormy,Evening,Monday,0,17788.0
U1003,P102,Clothing,4533,46-50,F,Anxious,Rainy,Night,Tuesday,0,16815.0
U1003,P103,Home,2426,36-45,M,Bored,Rainy,Evening,Friday,0,17384.0
U1003,P102,Clothing,3009,18-25,F,Anxious,Stormy,Night,Friday,0,16641.0
U1003,P102,Beauty,1030,18-25,F,Anxious,Stormy,Evening,Friday,0,16003.0
U1003,P101,Beauty,739,46-50,M,Anxious,Rainy,Evening,Monday,0,16288.0
U1003,P105,Electronics,559,46-50,M,Anxious,Stormy,Night,Friday,0,15028.0
U1003,P103,Home,492,18-25,F,Happy,Cloudy,Morning,Saturday,1,12983.0
U1003,P101,Beauty,2357,18-25,F,Anxious,Rainy,Afternoon,Saturday,1,12788.0
U1003,P102,Clothing,241,46-50,M,Neutral,Rainy,Morning,Sunday,1,10612.0
U1003,P105,Electronics,4349,36-45,F,Anxious,Windy,Afternoon,Tuesday,0,8427.0
U1003,P104,Books,4188,46-50,M,Happy,Stormy,Afternoon,Friday,0,9767.0
U1003,P101,Home,2910,26-35,M,Anxious,Cloudy,Evening,Sunday,1,12925.0
U1003,P102,Home,4828,36-45,F,Sad,Cloudy,Afternoon,Saturday,1,15096.0
U1003,P101,Home,1631,18-25,F,Sad,Stormy,Morning,Wednesday,0,19365.0
U1003,P105,Home,4593,36-45,M,Happy,Sunny,Morning,Thursday,0,20504.0
U1003,P101,Clothing,1243,26-35,M,Bored,Sunny,Morning,Tuesday,0,22740.0
U1003,P104,Electronics,1560,36-45,M,Happy,Rainy,Afternoon,Tuesday,0,23742.0
U1003,P103,Clothing,385,46-50,M,Anxious,Sunny,Night,Monday,0,20953.0
U1003,P104,Beauty,1862,26-35,F,Happy,Rainy,Afternoon,Saturday,1,17150.0
U1003,P103,Home,4108,46-50,F,Sad,Sunny,Evening,Wednesday,0,16102.0
U1003,P104,Clothing,3298,26-35,M,Sad,Rainy,Night,Wednesday,0,15382.0
U1003,P103,Books,2579,36-45,M,Neutral,Windy,Night,Monday,0,17049.0
U1003,P104,Clothing,4689,18-25,F,Neutral,Sunny,Morning,Sunday,1,15035.0
U1003,P102,Beauty,1685,18-25,M,Neutral,Cloudy,Afternoon,Wednesday,0,18481.0
U1003,P101,Books,760,46-50,F,Neutral,Rainy,Evening,Sunday,1,18606.0
U1003,P104,Home,1399,18-25,F,Neutral,Windy,Afternoon,Wednesday,0,18981.0
U1003,P101,Beauty,2086,46-50,M,Neutral,Stormy,Afternoon,Friday,0,18518.0
U1003,P104,Home,1076,26-35,M,Sad,Sunny,Morning,Wednesday,0,16496.0
U1003,P102,Clothing,4677,46-50,F,Anxious,Cloudy,Evening,Tuesday,0,14274.0
U1003,P101,Electronics,2627,36-45,F,Anxious,Sunny,Night,Tuesday,0,16372.0
U1003,P105,Beauty,3236,26-35,F,Happy,Stormy,Morning,Thursday,0,14310.0
U1003,P104,Clothing,1547,36-45,F,Sad,Stormy,Evening,Thursday,0,15861.0
U1003,P102,Electronics,2479,26-35,F,Anxious,Sunny,Night,Thursday,0,16648.0
U1003,P101,Clothing,2173,18-25,M,Sad,Sunny,Afternoon,Wednesday,0,17728.0
U1003,P105,Electronics,505,18-25,F,Bored,Rainy,Evening,Tuesday,0,17815.0
U1003,P102,Electronics,4700,26-35,F,Happy,Windy,Night,Wednesday,0,17244.0
U1003,P105,Beauty,678,26-35,F,Happy,Cloudy,Morning,Sunday,1,17267.0
U1003,P105,Beauty,3001,18-25,F,Sad,Stormy,Morning,Saturday,1,15318.0
U1003,P103,Clothing,2107,46-50,M,Happy,Rainy,Morning,Saturday,1,15083.0
U1003,P101,Home,1285,18-25,F,Anxious,Stormy,Evening,Saturday,1,15643.0
U1003,P102,Electronics,4105,18-25,F,Sad,Rainy,Afternoon,Wednesday,0,14449.0
U1003,P104,Electronics,2361,18-25,M,Anxious,Windy,Night,Sunday,1,16381.0
U1003,P104,Beauty,3836,46-50,F,Anxious,Stormy,Night,Thursday,0,18237.0
U1003,P101,Books,1425,18-25,M,Sad,Stormy,Afternoon,Thursday,0,17373.0
U1003,P104,Beauty,4750,18-25,M,Sad,Windy,Morning,Tuesday,0,18120.0
U1003,P105,Clothing,440,36-45,F,Anxious,Rainy,Evening,Friday,0,19869.0
U1003,P103,Electronics,2529,36-45,F,Happy,Stormy,Morning,Monday,0,18202.0
U1003,P104,Clothing,3742,26-35,F,Neutral,Sunny,Night,Tuesday,0,19446.0
U1003,P102,Books,282,26-35,M,Bored,Windy,Evening,Monday,0,19083.0
U1003,P104,Clothing,1617,36-45,F,Bored,Sunny,Afternoon,Monday,0,17004.0
U1003,P101,Clothing,4196,26-35,M,Happy,Cloudy,Evening,Saturday,1,14785.0
U1003,P105,Clothing,3503,26-35,M,Happy,Windy,Morning,Thursday,0,17556.0
U1003,P104,Electronics,4779,46-50,M,Happy,Stormy,Morning,Thursday,0,16309.0
U1003,P101,Books,3860,36-45,M,Neutral,Rainy,Afternoon,Monday,0,20648.0
U1003,P104,Home,4133,18-25,F,Neutral,Stormy,Morning,Saturday,1,21979.0
U1003,P103,Beauty,1874,36-45,M,Happy,Rainy,Afternoon,Saturday,1,22370.0
U1003,P101,Beauty,2802,46-50,F,Happy,Rainy,Night,Saturday,1,23962.0
U1003,P101,Books,2597,26-35,F,Neutral,Windy,Morning,Monday,0,25147.0
U1003,P103,Electronics,3255,46-50,M,Happy,Sunny,Evening,Saturday,1,23548.0
U1003,P104,Home,2814,46-50,F,Sad,Rainy,Evening,Wednesday,0,23300.0
U1003,P105,Clothing,4824,26-35,F,Bored,Windy,Evening,Thursday,0,21335.0
U1003,P104,Electronics,1728,18-25,M,Bored,Cloudy,Afternoon,Tuesday,0,22299.0
U1003,P104,Beauty,3521,46-50,F,Happy,Windy,Night,Wednesday,0,19894.0
U1003,P104,Clothing,1336,46-50,M,Anxious,Windy,Evening,Friday,0,21541.0
U1003,P102,Books,4769,36-45,M,Bored,Rainy,Night,Thursday,0,20075.0
U1003,P105,Electronics,2424,26-35,F,Neutral,Cloudy,Evening,Tuesday,0,22247.0
U1003,P105,Beauty,474,26-35,F,Bored,Cloudy,Evening,Sunday,1,21416.0
U1003,P104,Clothing,2121,18-25,M,Anxious,Stormy,Morning,Friday,0,19076.0
U1003,P105,Beauty,3359,26-35,M,Bored,Cloudy,Evening,Sunday,1,16373.0
U1003,P103,Clothing,1989,26-35,F,Neutral,Stormy,Evening,Thursday,0,18004.0
U1003,P103,Books,1923,26-35,M,Neutral,Stormy,Afternoon,Sunday,1,16472.0
U1003,P103,Home,1574,36-45,F,Anxious,Stormy,Evening,Saturday,1,17059.0
U1003,P102,Electronics,3234,18-25,F,Neutral,Stormy,Morning,Sunday,1,13864.0
U1003,P102,Clothing,4100,46-50,M,Anxious,Cloudy,Afternoon,Tuesday,0,14674.0
U1003,P102,Home,3080,36-45,F,Neutral,Rainy,Afternoon,Sunday,1,18300.0
U1003,P104,Beauty,2706,18-25,F,Sad,Rainy,Evening,Thursday,0,19259.0
U1003,P103,Books,3319,36-45,M,Neutral,Rainy,Night,Sunday,1,18606.0
U1003,P104,Clothing,2111,26-35,M,Happy,Cloudy,Afternoon,Tuesday,0,19936.0
U1003,P104,Electronics,1542,26-35,F,Sad,Cloudy,Morning,Thursday,0,20124.0
U1003,P101,Home,542,18-25,M,Bored,Rainy,Morning,Tuesday,0,20092.0
U1003,P101,Clothing,3750,36-45,M,Happy,Rainy,Night,Monday,0,17400.0
U1003,P101,Home,4558,46-50,F,Bored,Cloudy,Night,Monday,0,17050.0
U1003,P105,Beauty,1357,36-45,M,Happy,Sunny,Afternoon,Thursday,0,18528.0
U1003,P104,Books,2409,36-45,M,Neutral,Rainy,Morning,Monday,0,17179.0
U1003,P102,Home,3258,46-50,F,Anxious,Windy,Night,Thursday,0,16269.0
U1003,P103,Books,3907,36-45,M,Anxious,Stormy,Morning,Saturday,1,17416.0
U1003,P103,Books,3336,26-35,M,Neutral,Sunny,Night,Saturday,1,19781.0
U1003,P104,Clothing,3280,46-50,F,Anxious,Cloudy,Afternoon,Saturday,1,22575.0
U1003,P103,Books,3270,26-35,F,Happy,Cloudy,Evening,Tuesday,0,22105.0
U1003,P103,Beauty,3935,18-25,F,Happy,Rainy,Evening,Thursday,0,20817.0
U1003,P102,Home,1098,26-35,M,Happy,Sunny,Afternoon,Sunday,1,23395.0
U1003,P101,Clothing,2667,18-25,F,Anxious,Cloudy,Night,Saturday,1,22084.0
U1003,P102,Beauty,756,36-45,M,Sad,Sunny,Afternoon,Sunday,1,21493.0
U1003,P101,Clothing,1240,26-35,F,Bored,Sunny,Afternoon,Monday,0,18342.0
U1003,P102,Electronics,1808,18-25,M,Sad,Windy,Night,Monday,0,16246.0
U1003,P102,Beauty,3730,36-45,M,Anxious,Cloudy,Afternoon,Saturday,1,14774.0
U1003,P102,Books,575,46-50,F,Anxious,Windy,Afternoon,Wednesday,0,15234.0
U1003,P101,Books,4861,46-50,F,Bored,Rainy,Evening,Tuesday,0,11874.0
U1003,P103,Beauty,4777,18-25,M,Sad,Windy,Evening,Wednesday,0,15637.0
U1003,P102,Electronics,3902,26-35,M,Happy,Sunny,Morning,Monday,0,17747.0
U1003,P102,Clothing,3219,18-25,F,Bored,Stormy,Morning,Thursday,0,20893.0
U1003,P102,Clothing,2658,26-35,F,Happy,Cloudy,Morning,Sunday,1,22872.0
U1003,P103,Beauty,4035,36-45,M,Bored,Cloudy,Evening,Saturday,1,23722.0
U1003,P104,Beauty,2434,46-50,F,Bored,Rainy,Morning,Monday,0,24027.0
U1003,P105,Books,2627,46-50,M,Happy,Windy,Night,Monday,0,25886.0
U1003,P103,Clothing,3737,46-50,F,Bored,Rainy,Night,Friday,0,23652.0
U1003,P104,Home,4321,26-35,M,Neutral,Rainy,Evening,Saturday,1,22612.0
U1003,P103,Home,795,26-35,F,Happy,Stormy,Afternoon,Monday,0,23031.0
U1003,P101,Home,4252,46-50,F,Neutral,Rainy,Afternoon,Saturday,1,20607.0
U1003,P105,Beauty,4214,18-25,M,Neutral,Stormy,Afternoon,Monday,0,22201.0
U1003,P101,Home,2411,36-45,F,Anxious,Sunny,Afternoon,Monday,0,22380.0
U1003,P102,Books,1188,26-35,M,Anxious,Sunny,Afternoon,Monday,0,22357.0
U1003,P102,Electronics,1672,26-35,M,Happy,Windy,Evening,Saturday,1,20918.0
U1003,P104,Clothing,1867,18-25,M,Anxious,Stormy,Night,Sunday,1,18853.0
U1003,P102,Electronics,2335,18-25,M,Neutral,Stormy,Morning,Tuesday,0,16399.0
U1003,P102,Books,3275,36-45,F,Sad,Stormy,Morning,Saturday,1,17939.0
U1003,P101,Home,4144,26-35,M,Bored,Windy,Morning,Saturday,1,16962.0
U1003,P102,Clothing,3856,18-25,M,Neutral,Stormy,Evening,Friday,0,16892.0
U1003,P105,Beauty,2115,36-45,F,Anxious,Windy,Afternoon,Wednesday,0,18337.0
U1003,P103,Home,2522,18-25,F,Sad,Rainy,Afternoon,Sunday,1,19264.0
U1003,P101,Beauty,4357,36-45,M,Anxious,Stormy,Afternoon,Thursday,0,20114.0
U1003,P105,Beauty,1597,46-50,F,Neutral,Stormy,Evening,Wednesday,0,22604.0
U1003,P102,Beauty,2442,36-45,F,Bored,Rainy,Morning,Tuesday,0,21866.0
U1003,P101,Beauty,2468,46-50,F,Bored,Stormy,Afternoon,Monday,0,21033.0
U1003,P104,Clothing,2928,26-35,F,Happy,Cloudy,Night,Monday,0,19357.0
U1003,P102,Home,4053,36-45,F,Sad,Stormy,Morning,Sunday,1,18429.0
U1003,P101,Clothing,4145,46-50,F,Happy,Cloudy,Evening,Monday,0,20367.0
U1003,P101,Books,4549,26-35,M,Sad,Sunny,Evening,Sunday,1,21990.0
U1003,P101,Electronics,1364,18-25,F,Bored,Rainy,Morning,Saturday,1,22182.0
U1003,P104,Electronics,988,36-45,F,Neutral,Windy,Evening,Tuesday,0,21949.0
U1003,P102,Electronics,2724,36-45,F,Anxious,Rainy,Afternoon,Friday,0,20495.0
U1003,P104,Electronics,4332,26-35,M,Happy,Rainy,Morning,Friday,0,20751.0
U1003,P104,Beauty,2288,46-50,F,Sad,Sunny,Morning,Monday,0,22155.0
U1003,P102,Beauty,2548,26-35,M,Happy,Sunny,Afternoon,Saturday,1,20390.0
U1003,P101,Home,570,18-25,M,Anxious,Windy,Night,Wednesday,0,18793.0
U1003,P102,Books,334,18-25,M,Bored,Cloudy,Afternoon,Saturday,1,14814.0
U1003,P105,Beauty,1123,18-25,M,Neutral,Rainy,Evening,Thursday,0,13784.0
U1003,P103,Beauty,3474,46-50,M,Sad,Rainy,Night,Friday,0,13919.0
U1003,P102,Home,4172,46-50,M,Anxious,Stormy,Morning,Friday,0,14669.0
U1003,P104,Books,2357,46-50,F,Neutral,Windy,Evening,Tuesday,0,14509.0
U1003,P102,Books,4844,18-25,M,Neutral,Windy,Night,Saturday,1,14578.0
U1003,P105,Electronics,1978,36-45,M,Neutral,Cloudy,Evening,Thursday,0,16874.0
U1003,P104,Beauty,3423,18-25,M,Happy,Windy,Evening,Sunday,1,18282.0
U1003,P105,Beauty,1773,18-25,M,Sad,Rainy,Evening,Wednesday,0,21371.0
U1003,P105,Electronics,3941,18-25,F,Neutral,Windy,Night,Monday,0,22021.0
U1003,P101,Clothing,774,18-25,M,Sad,Sunny,Afternoon,Thursday,0,22488.0
U1003,P102,Clothing,3359,26-35,M,Bored,Windy,Morning,Thursday,0,19090.0
U1003,P105,Beauty,2931,18-25,M,Happy,Sunny,Afternoon,Friday,0,20092.0
U1003,P104,Electronics,2845,26-35,M,Sad,Sunny,Morning,Thursday,0,18179.0
U1003,P105,Clothing,1797,46-50,M,Bored,Sunny,Morning,Tuesday,0,19046.0
U1003,P103,Beauty,3562,46-50,M,Bored,Sunny,Morning,Tuesday,0,17420.0
U1003,P105,Books,4860,46-50,F,Neutral,Stormy,Morning,Monday,0,19209.0
U1003,P103,Books,3996,36-45,M,Sad,Windy,Afternoon,Tuesday,0,20128.0
U1003,P105,Books,3818,18-25,F,Neutral,Stormy,Night,Saturday,1,23350.0
U1003,P101,Beauty,4526,18-25,M,Bored,Stormy,Evening,Sunday,1,23809.0
U1003,P101,Clothing,3130,36-45,M,Anxious,Rainy,Morning,Monday,0,25404.0
U1003,P101,Electronics,3675,46-50,F,Neutral,Stormy,Afternoon,Friday,0,25689.0
U1003,P101,Electronics,3376,26-35,F,Happy,Stormy,Afternoon,Monday,0,27567.0
U1003,P103,Beauty,1341,46-50,F,Neutral,Stormy,Evening,Tuesday,0,27381.0
U1003,P103,Electronics,2755,46-50,M,Happy,Sunny,Morning,Wednesday,0,23862.0
U1003,P105,Books,3531,18-25,F,Bored,Cloudy,Afternoon,Saturday,1,22621.0
U1003,P103,Beauty,2094,36-45,M,Anxious,Stormy,Afternoon,Tuesday,0,22334.0
U1003,P101,Home,1823,36-45,M,Anxious,Windy,Evening,Thursday,0,19902.0
U1003,P103,Clothing,258,46-50,F,Happy,Sunny,Evening,Wednesday,0,18595.0
U1003,P102,Home,2395,46-50,M,Sad,Windy,Evening,Saturday,1,15178.0
U1003,P105,Beauty,3093,26-35,F,Bored,Stormy,Afternoon,Thursday,0,14197.0
U1003,P105,Electronics,2046,46-50,F,Sad,Rainy,Morning,Sunday,1,15949.0
U1003,P102,Home,1216,36-45,F,Bored,Sunny,Evening,Thursday,0,15240.0
U1003,P103,Home,2667,46-50,M,Sad,Windy,Night,Friday,0,12925.0
U1003,P101,Clothing,3923,26-35,F,Sad,Stormy,Morning,Sunday,1,13498.0
U1003,P101,Books,3663,36-45,F,Anxious,Sunny,Morning,Friday,0,15598.0
U1003,P105,Electronics,4775,18-25,F,Bored,Stormy,Night,Monday,0,19003.0
U1003,P102,Home,2843,46-50,M,Neutral,Cloudy,Night,Wednesday,0,21383.0
U1003,P103,Books,456,18-25,F,Happy,Windy,Evening,Thursday,0,21133.0
U1003,P105,Electronics,1383,26-35,F,Happy,Rainy,Evening,Thursday,0,19543.0
U1003,P102,Electronics,3742,18-25,F,Bored,Rainy,Night,Sunday,1,19710.0
U1003,P102,Home,344,46-50,M,Neutral,Rainy,Evening,Sunday,1,20785.0
U1003,P105,Clothing,619,18-25,F,Sad,Sunny,Morning,Tuesday,0,17206.0
U1003,P103,Clothing,3523,26-35,M,Neutral,Rainy,Afternoon,Saturday,1,14162.0
U1003,P101,Books,4690,46-50,M,Neutral,Windy,Evening,Sunday,1,12910.0
U1003,P104,Electronics,3771,36-45,M,Happy,Sunny,Evening,Sunday,1,14757.0
U1003,P105,Beauty,2901,36-45,F,Anxious,Windy,Evening,Monday,0,18072.0
U1003,P103,Books,3215,18-25,M,Happy,Rainy,Afternoon,Tuesday,0,19590.0
U1003,P102,Beauty,4332,26-35,M,Neutral,Cloudy,Morning,Sunday,1,19063.0
U1003,P102,Beauty,3719,26-35,F,Neutral,Stormy,Afternoon,Wednesday,0,23051.0
U1003,P104,Home,2603,46-50,M,Happy,Rainy,Afternoon,Thursday,0,26151.0
U1003,P102,Home,1776,36-45,M,Happy,Windy,Morning,Tuesday,0,25231.0
U1003,P103,Home,2276,46-50,F,Neutral,Cloudy,Night,Sunday,1,22317.0
U1003,P103,Home,2551,26-35,M,Bored,Rainy,Night,Sunday,1,20822.0
U1003,P103,Clothing,728,26-35,F,Neutral,Stormy,Afternoon,Tuesday,0,20472.0
U1003,P101,Beauty,4469,36-45,F,Bored,Stormy,Night,Friday,0,17985.0
U1003,P103,Home,4880,36-45,F,Anxious,Windy,Afternoon,Friday,0,18122.0
U1003,P105,Books,3262,26-35,M,Bored,Rainy,Morning,Monday,0,19283.0
U1003,P103,Home,1205,18-25,F,Neutral,Windy,Morning,Monday,0,19942.0
U1003,P104,Books,253,18-25,M,Anxious,Windy,Morning,Monday,0,19371.0
U1003,P103,Electronics,3799,46-50,M,Happy,Cloudy,Evening,Wednesday,0,17348.0
U1003,P103,Home,3886,18-25,M,Neutral,Rainy,Morning,Tuesday,0,18596.0
U1003,P105,Electronics,2971,46-50,M,Bored,Sunny,Night,Wednesday,0,21754.0
U1003,P103,Clothing,2735,26-35,F,Anxious,Cloudy,Evening,Monday,0,20256.0
U1003,P102,Clothing,4054,46-50,F,Anxious,Sunny,Morning,Sunday,1,18111.0
U1003,P101,Electronics,4747,36-45,M,Anxious,Sunny,Evening,Friday,0,18903.0
U1003,P105,Electronics,714,18-25,M,Happy,Rainy,Night,Saturday,1,22445.0
U1003,P103,Home,370,46-50,M,Sad,Rainy,Night,Friday,0,22906.0
U1003,P104,Electronics,3454,36-45,F,Happy,Stormy,Morning,Sunday,1,19477.0
U1003,P104,Electronics,4235,36-45,M,Neutral,Sunny,Evening,Sunday,1,19045.0
U1003,P104,Clothing,3175,36-45,M,Happy,Windy,Morning,Thursday,0,20309.0
U1003,P103,Electronics,3352,36-45,F,Bored,Sunny,Night,Saturday,1,20749.0
U1003,P105,Clothing,378,36-45,F,Bored,Stormy,Morning,Thursday,0,20047.0
U1003,P103,Home,4876,36-45,F,Happy,Cloudy,Afternoon,Wednesday,0,15678.0
U1003,P101,Books,3932,36-45,M,Happy,Rainy,Afternoon,Tuesday,0,19840.0
U1003,P104,Books,1480,18-25,F,Sad,Windy,Evening,Saturday,1,23402.0
U1003,P102,Home,3911,36-45,F,Happy,Sunny,Afternoon,Thursday,0,21428.0
U1004,P101,Clothing,2526,46-50,M,Sad,Windy,Morning,Monday,0,0.0
U1004,P105,Books,3757,26-35,M,Happy,Cloudy,Morning,Thursday,0,2526.0
U1004,P101,Clothing,3625,26-35,F,Bored,Rainy,Evening,Sunday,1,6283.0
U1004,P102,Home,2922,36-45,M,Sad,Rainy,Afternoon,Monday,0,9908.0
U1004,P102,Books,3024,26-35,M,Sad,Sunny,Evening,Sunday,1,12830.0
U1004,P103,Books,358,36-45,F,Happy,Stormy,Afternoon,Friday,0,15854.0
U1004,P102,Books,2367,46-50,M,Anxious,Cloudy,Evening,Monday,0,16212.0
U1004,P101,Electronics,3300,26-35,F,Sad,Stormy,Morning,Tuesday,0,18579.0
U1004,P101,Clothing,712,46-50,M,Neutral,Cloudy,Evening,Friday,0,19353.0
U1004,P103,Home,2407,46-50,M,Bored,Rainy,Afternoon,Thursday,0,16308.0
U1004,P105,Electronics,2691,18-25,M,Happy,Windy,Afternoon,Tuesday,0,15090.0
U1004,P103,Books,2010,26-35,F,Sad,Rainy,Evening,Friday,0,14859.0
U1004,P103,Clothing,1629,18-25,F,Neutral,Stormy,Night,Monday,0,13845.0
U1004,P105,Clothing,1694,18-25,M,Bored,Stormy,Night,Sunday,1,15116.0
U1004,P105,Books,346,36-45,F,Neutral,Rainy,Morning,Monday,0,14443.0
U1004,P105,Beauty,3811,46-50,M,Sad,Sunny,Evening,Wednesday,0,11489.0
U1004,P101,Books,326,26-35,F,Bored,Cloudy,Evening,Wednesday,0,14588.0
U1004,P103,Beauty,364,36-45,M,Sad,Sunny,Evening,Sunday,1,12507.0
U1004,P105,Electronics,1495,36-45,M,Sad,Sunny,Morning,Friday,0,10180.0
U1004,P103,Home,1921,18-25,F,Happy,Sunny,Afternoon,Friday,0,9665.0
U1004,P102,Home,4179,18-25,M,Bored,Rainy,Evening,Monday,0,9957.0
U1004,P105,Clothing,2693,36-45,F,Sad,Sunny,Evening,Monday,0,12442.0
U1004,P105,Home,4236,18-25,F,Bored,Windy,Evening,Thursday,0,14789.0
U1004,P103,Clothing,1198,46-50,F,Anxious,Cloudy,Afternoon,Tuesday,0,15214.0
U1004,P104,Clothing,3347,18-25,M,Bored,Stormy,Night,Wednesday,0,16086.0
U1004,P102,Books,1774,46-50,F,Neutral,Windy,Morning,Tuesday,0,19069.0
U1004,P102,Beauty,3040,36-45,F,Sad,Cloudy,Afternoon,Monday,0,19348.0
U1004,P101,Beauty,4678,46-50,M,Bored,Cloudy,Evening,Wednesday,0,20467.0
U1004,P101,Electronics,1035,46-50,M,Neutral,Stormy,Morning,Tuesday,0,20966.0
U1004,P105,Clothing,4319,36-45,F,Sad,Windy,Afternoon,Tuesday,0,19308.0
U1004,P104,Beauty,541,18-25,F,Sad,Sunny,Evening,Wednesday,0,19391.0
U1004,P105,Electronics,1048,36-45,F,Anxious,Windy,Evening,Monday,0,18734.0
U1004,P103,Electronics,4746,36-45,F,Anxious,Windy,Evening,Friday,0,16435.0
U1004,P103,Clothing,4038,36-45,F,Neutral,Rainy,Morning,Wednesday,0,19407.0
U1004,P103,Beauty,1238,18-25,M,Happy,Stormy,Night,Sunday,1,20405.0
U1004,P101,Home,2554,36-45,F,Anxious,Windy,Evening,Monday,0,16965.0
U1004,P103,Books,3774,18-25,F,Sad,Windy,Afternoon,Saturday,1,18484.0
U1004,P102,Clothing,4696,46-50,F,Sad,Rainy,Afternoon,Friday,0,17939.0
U1004,P105,Electronics,4017,46-50,F,Anxious,Rainy,Afternoon,Saturday,1,22094.0
U1004,P105,Beauty,695,26-35,F,Sad,Stormy,Afternoon,Tuesday,0,25063.0
U1004,P102,Home,2004,36-45,F,Bored,Windy,Night,Saturday,1,21012.0
U1004,P102,Beauty,3046,46-50,M,Bored,Rainy,Morning,Monday,0,18978.0
U1004,P102,Beauty,2431,36-45,F,Bored,Sunny,Afternoon,Thursday,0,20786.0
U1004,P105,Electronics,2320,26-35,M,Sad,Stormy,Night,Tuesday,0,20663.0
U1004,P103,Electronics,3889,46-50,M,Neutral,Rainy,Morning,Friday,0,19209.0
U1004,P103,Beauty,3090,46-50,M,Anxious,Sunny,Afternoon,Wednesday,0,18402.0
U1004,P102,Books,3547,36-45,M,Anxious,Windy,Morning,Thursday,0,17475.0
U1004,P105,Books,2481,46-50,M,Neutral,Rainy,Evening,Saturday,1,20327.0
U1004,P102,Beauty,2369,46-50,M,Anxious,Windy,Night,Wednesday,0,20804.0
U1004,P103,Books,1087,18-25,F,Bored,Sunny,Morning,Thursday,0,20127.0
U1004,P102,Beauty,2624,36-45,M,Anxious,Rainy,Evening,Wednesday,0,18783.0
U1004,P103,Books,1793,46-50,M,Sad,Sunny,Night,Sunday,1,19087.0
U1004,P101,Clothing,2415,18-25,F,Neutral,Cloudy,Evening,Thursday,0,16991.0
U1004,P103,Clothing,1996,36-45,F,Bored,Sunny,Night,Saturday,1,16316.0
U1004,P104,Clothing,1673,46-50,M,Bored,Sunny,Morning,Wednesday,0,14765.0
U1004,P103,Books,4374,36-45,F,Sad,Windy,Night,Tuesday,0,13957.0
U1004,P105,Home,1946,26-35,F,Neutral,Sunny,Afternoon,Friday,0,15962.0
U1004,P105,Electronics,1578,36-45,M,Happy,Stormy,Afternoon,Wednesday,0,16821.0
U1004,P103,Clothing,3098,26-35,F,Happy,Stormy,Afternoon,Wednesday,0,15775.0
U1004,P104,Electronics,1210,26-35,M,Happy,Rainy,Morning,Wednesday,0,17080.0
U1004,P104,Beauty,2036,26-35,M,Happy,Rainy,Morning,Wednesday,0,15875.0
U1004,P105,Books,2240,46-50,F,Bored,Windy,Morning,Friday,0,15915.0
U1004,P104,Clothing,1744,26-35,F,Anxious,Cloudy,Night,Tuesday,0,16482.0
U1004,P105,Clothing,2900,18-25,F,Bored,Windy,Afternoon,Wednesday,0,13852.0
U1004,P102,Beauty,241,18-25,M,Anxious,Sunny,Night,Sunday,1,14806.0
U1004,P104,Electronics,1555,26-35,F,Anxious,Stormy,Night,Wednesday,0,13469.0
U1004,P104,Electronics,1313,18-25,F,Bored,Cloudy,Morning,Thursday,0,11926.0
U1004,P101,Electronics,4599,46-50,M,Sad,Rainy,Morning,Sunday,1,12029.0
U1004,P102,Electronics,955,46-50,F,Anxious,Sunny,Evening,Friday,0,14592.0
U1004,P102,Clothing,4592,36-45,F,Neutral,Windy,Morning,Monday,0,13307.0
U1004,P103,Beauty,3791,36-45,M,Bored,Windy,Afternoon,Wednesday,0,16155.0
U1004,P101,Beauty,118,18-25,F,Anxious,Stormy,Afternoon,Thursday,0,17046.0
U1004,P102,Beauty,3104,36-45,M,Sad,Sunny,Evening,Tuesday,0,16923.0
U1004,P105,Clothing,1232,46-50,F,Bored,Sunny,Morning,Tuesday,0,18472.0
U1004,P103,Beauty,3439,36-45,F,Bored,Rainy,Evening,Sunday,1,18391.0
U1004,P102,Home,3472,26-35,F,Anxious,Stormy,Afternoon,Friday,0,17231.0
U1004,P104,Books,3841,36-45,M,Neutral,Rainy,Evening,Saturday,1,19748.0
U1004,P105,Beauty,3152,26-35,F,Happy,Rainy,Afternoon,Thursday,0,18997.0
U1004,P105,Books,519,26-35,M,Happy,Windy,Afternoon,Tuesday,0,18358.0
U1004,P105,Beauty,431,26-35,F,Anxious,Sunny,Night,Wednesday,0,18759.0
U1004,P103,Books,3968,36-45,M,Anxious,Sunny,Night,Tuesday,0,16086.0
U1004,P102,Clothing,1009,26-35,F,Anxious,Windy,Night,Sunday,1,18822.0
U1004,P103,Beauty,4758,46-50,M,Happy,Rainy,Afternoon,Friday,0,16392.0
U1004,P103,Clothing,870,36-45,M,Bored,Stormy,Evening,Wednesday,0,17678.0
U1004,P102,Books,2601,26-35,M,Happy,Windy,Afternoon,Tuesday,0,14707.0
U1004,P101,Beauty,3685,26-35,F,Anxious,Windy,Night,Friday,0,14156.0
U1004,P101,Home,4193,18-25,M,Anxious,Windy,Afternoon,Saturday,1,17322.0
U1004,P105,Home,2566,46-50,F,Bored,Rainy,Morning,Thursday,0,21084.0
U1004,P102,Beauty,4244,18-25,M,Anxious,Windy,Night,Wednesday,0,19682.0
U1004,P105,Beauty,1250,26-35,F,Happy,Windy,Night,Thursday,0,22917.0
U1004,P101,Clothing,1919,18-25,M,Neutral,Cloudy,Night,Monday,0,19409.0
U1004,P105,Clothing,2758,46-50,F,Neutral,Cloudy,Evening,Sunday,1,20458.0
U1004,P105,Clothing,2220,46-50,F,Anxious,Stormy,Night,Tuesday,0,20615.0
U1004,P105,Electronics,4120,26-35,F,Happy,Cloudy,Evening,Monday,0,19150.0
U1004,P104,Books,3805,26-35,F,Anxious,Cloudy,Afternoon,Tuesday,0,19077.0
U1004,P104,Home,2342,46-50,M,Sad,Sunny,Night,Sunday,1,20316.0
U1004,P104,Clothing,3343,36-45,F,Sad,Cloudy,Evening,Thursday,0,18414.0
U1004,P103,Clothing,2170,36-45,F,Sad,Sunny,Evening,Saturday,1,20507.0
U1004,P104,Clothing,1241,36-45,M,Anxious,Stormy,Evening,Saturday,1,20758.0
U1004,P103,Electronics,1735,36-45,F,Happy,Sunny,Afternoon,Thursday,0,19241.0
U1004,P103,Electronics,4874,36-45,F,Neutral,Stormy,Morning,Thursday,0,18756.0
U1004,P105,Clothing,106,26-35,F,Sad,Windy,Evening,Saturday,1,19510.0
U1004,P105,Beauty,3154,46-50,F,Anxious,Sunny,Morning,Wednesday,0,15811.0
U1004,P105,Beauty,3646,18-25,F,Happy,Windy,Night,Thursday,0,16623.0
U1004,P101,Electronics,3028,36-45,F,Neutral,Rainy,Afternoon,Wednesday,0,16926.0
U1004,P102,Books,675,18-25,F,Neutral,Rainy,Evening,Sunday,1,17784.0
U1004,P101,Beauty,1029,36-45,M,Bored,Rainy,Evening,Sunday,1,17218.0
U1004,P103,Beauty,3375,36-45,M,Sad,Rainy,Afternoon,Tuesday,0,16512.0
U1004,P105,Electronics,2000,36-45,M,Neutral,Cloudy,Night,Wednesday,0,15013.0
U1004,P104,Books,3515,26-35,F,Bored,Sunny,Morning,Wednesday,0,16907.0
U1004,P101,Electronics,3734,18-25,F,Anxious,Windy,Afternoon,Saturday,1,17268.0
U1004,P102,Home,1941,26-35,F,Anxious,Sunny,Night,Thursday,0,17356.0
U1004,P101,Electronics,1010,26-35,M,Happy,Rainy,Evening,Wednesday,0,16269.0
U1004,P105,Electronics,4440,26-35,F,Sad,Cloudy,Morning,Sunday,1,16604.0
U1004,P101,Electronics,4109,36-45,M,Anxious,Stormy,Afternoon,Sunday,1,20015.0
U1004,P104,Beauty,2272,26-35,M,Bored,Rainy,Morning,Tuesday,0,20749.0
U1004,P101,Electronics,223,26-35,F,Sad,Stormy,Morning,Sunday,1,21021.0
U1004,P102,Home,2516,26-35,F,Happy,Stormy,Afternoon,Wednesday,0,17729.0
U1004,P102,Beauty,896,26-35,F,Sad,Rainy,Night,Sunday,1,16511.0
U1004,P102,Books,4254,36-45,M,Bored,Stormy,Morning,Friday,0,15466.0
U1004,P103,Beauty,2036,36-45,F,Neutral,Rainy,Night,Wednesday,0,18710.0
U1004,P103,Home,1401,36-45,M,Neutral,Windy,Night,Monday,0,16306.0
U1004,P101,Electronics,464,18-25,F,Happy,Windy,Afternoon,Monday,0,13598.0
U1004,P102,Home,4957,36-45,F,Sad,Rainy,Morning,Saturday,1,11790.0
U1004,P101,Beauty,482,18-25,M,Happy,Stormy,Night,Thursday,0,16524.0
U1004,P101,Clothing,399,18-25,M,Happy,Sunny,Evening,Wednesday,0,14490.0
U1004,P105,Home,3556,36-45,F,Happy,Windy,Afternoon,Sunday,1,13993.0
U1004,P101,Home,1727,18-25,M,Bored,Sunny,Morning,Tuesday,0,13295.0
U1004,P101,Books,1403,46-50,M,Sad,Windy,Morning,Friday,0,12986.0
U1004,P105,Beauty,1234,46-50,F,Neutral,Windy,Night,Monday,0,12988.0
U1004,P103,Home,2286,18-25,M,Anxious,Rainy,Night,Tuesday,0,13758.0
U1004,P101,Home,1337,26-35,M,Bored,Windy,Evening,Friday,0,11087.0
U1004,P105,Electronics,2934,36-45,F,Sad,Rainy,Morning,Thursday,0,11942.0
U1004,P103,Beauty,4360,18-25,M,Anxious,Rainy,Morning,Monday,0,14477.0
U1004,P103,Clothing,1945,36-45,F,Anxious,Rainy,Evening,Friday,0,15281.0
U1004,P104,Electronics,1610,26-35,M,Sad,Stormy,Morning,Sunday,1,15499.0
U1004,P105,Books,1076,36-45,F,Anxious,Stormy,Night,Tuesday,0,15706.0
U1004,P103,Home,657,18-25,M,Neutral,Sunny,Morning,Friday,0,15548.0
U1004,P105,Books,2294,26-35,F,Anxious,Rainy,Afternoon,Thursday,0,13919.0
U1004,P105,Home,2767,36-45,F,Happy,Rainy,Night,Monday,0,14876.0
U1004,P103,Home,4890,36-45,M,Happy,Sunny,Morning,Thursday,0,14709.0
U1004,P104,Home,3588,46-50,M,Neutral,Sunny,Afternoon,Sunday,1,15239.0
U1004,P103,Clothing,4594,46-50,M,Anxious,Rainy,Night,Tuesday,0,16882.0
U1004,P103,Clothing,2046,36-45,M,Anxious,Cloudy,Afternoon,Saturday,1,19866.0
U1004,P101,Beauty,4277,18-25,F,Sad,Windy,Morning,Saturday,1,20836.0
U1004,P105,Books,3922,26-35,M,Bored,Sunny,Night,Friday,0,24456.0
U1004,P101,Electronics,1963,46-50,M,Sad,Stormy,Afternoon,Monday,0,26084.0
U1004,P104,Electronics,2484,26-35,F,Sad,Rainy,Morning,Sunday,1,25280.0
U1004,P103,Electronics,1824,36-45,F,Happy,Windy,Afternoon,Friday,0,22874.0
U1004,P105,Books,1237,36-45,M,Bored,Windy,Morning,Thursday,0,21110.0
U1004,P101,Electronics,4217,18-25,M,Neutral,Rainy,Afternoon,Friday,0,17753.0
U1004,P101,Electronics,376,36-45,M,Neutral,Windy,Afternoon,Wednesday,0,19924.0
U1004,P103,Beauty,1327,18-25,M,Anxious,Sunny,Evening,Friday,0,16023.0
U1004,P102,Home,3835,36-45,F,Sad,Stormy,Afternoon,Thursday,0,13428.0
U1004,P102,Books,641,18-25,M,Sad,Cloudy,Night,Tuesday,0,15300.0
U1004,P103,Clothing,124,26-35,M,Happy,Cloudy,Night,Wednesday,0,13457.0
U1004,P101,Books,356,26-35,M,Sad,Sunny,Afternoon,Monday,0,11757.0
U1004,P104,Electronics,4742,18-25,F,Bored,Stormy,Morning,Thursday,0,10876.0
U1004,P103,Electronics,3436,18-25,F,Neutral,Stormy,Morning,Wednesday,0,11401.0
U1004,P103,Home,513,18-25,F,Neutral,Sunny,Afternoon,Thursday,0,14461.0
U1004,P104,Beauty,1481,36-45,M,Bored,Windy,Morning,Saturday,1,13647.0
U1004,P105,Home,1198,18-25,M,Neutral,Rainy,Afternoon,Wednesday,0,11293.0
U1004,P105,Beauty,3755,36-45,F,Neutral,Sunny,Afternoon,Thursday,0,11850.0
U1004,P105,Home,287,36-45,F,Anxious,Sunny,Night,Sunday,1,15481.0
U1004,P104,Home,2192,26-35,F,Bored,Windy,Morning,Monday,0,15412.0
U1004,P104,Books,457,36-45,F,Neutral,Rainy,Morning,Wednesday,0,12862.0
U1004,P103,Clothing,2880,26-35,M,Sad,Cloudy,Morning,Sunday,1,9883.0
U1004,P104,Beauty,1656,26-35,F,Sad,Rainy,Night,Tuesday,0,12250.0
U1004,P104,Electronics,2484,26-35,F,Happy,Rainy,Evening,Friday,0,12425.0
U1004,P101,Electronics,1689,26-35,F,Anxious,Sunny,Night,Thursday,0,13711.0
U1004,P103,Home,1687,36-45,F,Happy,Windy,Afternoon,Thursday,0,11645.0
U1004,P105,Books,759,46-50,F,Happy,Rainy,Morning,Wednesday,0,13045.0
U1004,P101,Beauty,1111,26-35,F,Happy,Cloudy,Afternoon,Sunday,1,11612.0
U1004,P105,Clothing,1328,36-45,M,Neutral,Stormy,Afternoon,Tuesday,0,12266.0
U1004,P101,Home,1135,46-50,F,Bored,Rainy,Night,Thursday,0,10714.0
U1004,P105,Beauty,1984,26-35,M,Neutral,Sunny,Afternoon,Wednesday,0,10193.0
U1004,P103,Home,1909,46-50,F,Anxious,Windy,Morning,Monday,0,9693.0
U1004,P102,Beauty,3267,36-45,M,Sad,Stormy,Afternoon,Friday,0,9913.0
U1004,P103,Clothing,3514,36-45,F,Happy,Rainy,Afternoon,Friday,0,11493.0
U1004,P103,Electronics,4828,26-35,F,Anxious,Stormy,Evening,Saturday,1,14248.0
U1004,P103,Clothing,4623,46-50,F,Anxious,Sunny,Afternoon,Thursday,0,17965.0
U1004,P104,Clothing,3999,36-45,M,Sad,Cloudy,Night,Friday,0,21260.0
U1004,P104,Home,3707,26-35,F,Happy,Sunny,Night,Thursday,0,24124.0
U1004,P101,Beauty,4626,26-35,F,Neutral,Sunny,Afternoon,Saturday,1,25847.0
U1004,P102,Books,1729,26-35,M,Sad,Cloudy,Afternoon,Tuesday,0,28564.0
U1004,P105,Books,1224,18-25,M,Happy,Cloudy,Afternoon,Wednesday,0,27026.0
U1004,P101,Home,1478,18-25,F,Neutral,Sunny,Morning,Tuesday,0,24736.0
U1004,P103,Books,2888,26-35,F,Happy,Windy,Morning,Thursday,0,21386.0
U1004,P103,Books,2178,36-45,F,Anxious,Stormy,Night,Wednesday,0,19651.0
U1004,P102,Electronics,3271,26-35,M,Neutral,Stormy,Night,Tuesday,0,17830.0
U1004,P104,Home,1851,18-25,M,Anxious,Windy,Afternoon,Sunday,1,17394.0
U1004,P101,Electronics,1039,18-25,F,Anxious,Cloudy,Afternoon,Sunday,1,14619.0
U1004,P105,Electronics,3320,36-45,F,Bored,Stormy,Evening,Tuesday,0,13929.0
U1004,P105,Clothing,455,36-45,F,Happy,Windy,Afternoon,Sunday,1,16025.0
U1004,P102,Home,334,36-45,F,Neutral,Cloudy,Night,Saturday,1,15002.0
U1004,P104,Electronics,3848,46-50,M,Bored,Rainy,Evening,Saturday,1,12448.0
U1004,P101,Electronics,1915,18-25,M,Sad,Cloudy,Night,Tuesday,0,14118.0
U1004,P101,Clothing,2258,46-50,F,Neutral,Sunny,Morning,Sunday,1,12762.0
U1004,P101,Home,2164,26-35,F,Happy,Stormy,Morning,Tuesday,0,13169.0
U1004,P101,Books,4736,26-35,F,Happy,Sunny,Afternoon,Friday,0,14294.0
U1004,P101,Electronics,4366,18-25,F,Bored,Stormy,Evening,Thursday,0,15710.0
U1004,P103,Beauty,839,36-45,M,Sad,Rainy,Morning,Saturday,1,19621.0
U1004,P105,Books,1501,36-45,F,Bored,Sunny,Night,Wednesday,0,20126.0
U1004,P105,Electronics,4023,36-45,M,Bored,Cloudy,Morning,Monday,0,17779.0
U1004,P101,Clothing,4314,36-45,M,Bored,Windy,Evening,Tuesday,0,19887.0
U1004,P101,Beauty,3327,36-45,F,Anxious,Rainy,Afternoon,Wednesday,0,21943.0
U1004,P101,Beauty,3858,26-35,F,Anxious,Stormy,Morning,Saturday,1,23106.0
U1004,P101,Home,2612,26-35,M,Happy,Sunny,Afternoon,Saturday,1,22228.0
U1004,P101,Books,2251,18-25,M,Sad,Stormy,Afternoon,Saturday,1,20474.0
U1004,P103,Home,3966,36-45,F,Sad,Windy,Evening,Wednesday,0,21886.0
U1004,P103,Home,1624,26-35,M,Sad,Cloudy,Afternoon,Saturday,1,24351.0
U1004,P104,Home,2666,46-50,F,Happy,Windy,Afternoon,Saturday,1,21952.0
U1004,P104,Beauty,3809,46-50,F,Happy,Stormy,Night,Tuesday,0,20304.0
U1004,P103,Books,1072,18-25,F,Bored,Sunny,Morning,Monday,0,20786.0
U1004,P105,Books,743,36-45,F,Sad,Cloudy,Afternoon,Saturday,1,18000.0
U1004,P102,Books,615,36-45,M,Happy,Cloudy,Evening,Wednesday,0,16131.0
U1004,P105,Home,4629,36-45,M,Bored,Rainy,Morning,Saturday,1,14495.0
U1004,P105,Clothing,3502,26-35,M,Bored,Cloudy,Morning,Wednesday,0,15158.0
U1004,P102,Electronics,3370,26-35,M,Sad,Windy,Morning,Tuesday,0,17036.0
U1004,P103,Home,560,46-50,F,Anxious,Rainy,Morning,Wednesday,0,17740.0
U1004,P104,Books,3864,18-25,F,Anxious,Windy,Morning,Monday,0,14491.0
U1004,P101,Clothing,590,46-50,M,Happy,Rainy,Afternoon,Thursday,0,17283.0
U1004,P102,Home,1172,26-35,F,Bored,Stormy,Evening,Friday,0,17130.0
U1004,P101,Clothing,1692,46-50,F,Happy,Stormy,Afternoon,Friday,0,17687.0
U1004,P105,Books,2706,18-25,F,Neutral,Windy,Night,Wednesday,0,14750.0
U1004,P102,Beauty,3413,18-25,M,Bored,Windy,Evening,Friday,0,13954.0
U1004,P103,Clothing,1876,26-35,F,Anxious,Stormy,Night,Wednesday,0,13997.0
U1004,P105,Home,2745,36-45,F,Happy,Cloudy,Morning,Sunday,1,15313.0
U1004,P105,Home,2449,46-50,M,Bored,Cloudy,Afternoon,Saturday,1,14194.0
U1004,P105,Electronics,592,36-45,M,Anxious,Stormy,Morning,Thursday,0,16053.0
U1004,P101,Books,3406,46-50,M,Bored,Cloudy,Afternoon,Sunday,1,15473.0
U1004,P103,Beauty,2480,18-25,M,Anxious,Windy,Afternoon,Tuesday,0,17187.0
U1004,P105,Beauty,1705,36-45,M,Sad,Stormy,Night,Saturday,1,16961.0
U1004,P101,Electronics,1990,46-50,M,Bored,Sunny,Evening,Sunday,1,15253.0
U1004,P105,Clothing,1375,26-35,M,Sad,Rainy,Afternoon,Tuesday,0,15367.0
U1004,P104,Home,969,18-25,M,Sad,Rainy,Afternoon,Wednesday,0,13997.0
U1004,P102,Home,719,46-50,F,Bored,Cloudy,Night,Thursday,0,12517.0
U1004,P103,Electronics,896,18-25,M,Happy,Stormy,Evening,Friday,0,12644.0
U1004,P103,Home,1396,26-35,F,Anxious,Rainy,Afternoon,Tuesday,0,10134.0
U1004,P104,Books,2995,46-50,M,Sad,Windy,Night,Monday,0,9050.0
U1004,P104,Books,1736,46-50,F,Happy,Windy,Afternoon,Friday,0,10340.0
U1004,P104,Books,2318,26-35,F,Anxious,Windy,Morning,Friday,0,10086.0
U1004,P104,Clothing,2760,18-25,M,Neutral,Windy,Afternoon,Sunday,1,11029.0
U1004,P103,Home,3843,18-25,M,Sad,Rainy,Night,Monday,0,12820.0
U1004,P104,Home,700,26-35,F,Anxious,Rainy,Night,Sunday,1,15944.0
U1004,P103,Home,4006,46-50,F,Neutral,Rainy,Evening,Friday,0,15748.0
U1004,P102,Home,3530,36-45,F,Neutral,Cloudy,Night,Tuesday,0,18358.0
U1004,P102,Clothing,3774,36-45,F,Happy,Rainy,Evening,Saturday,1,18893.0
U1004,P104,Electronics,2865,46-50,F,Happy,Cloudy,Afternoon,Monday,0,20931.0
U1004,P101,Beauty,2103,46-50,F,Neutral,Sunny,Evening,Saturday,1,21478.0
U1004,P105,Clothing,1316,26-35,F,Sad,Cloudy,Morning,Monday,0,20821.0
U1004,P103,Beauty,2060,46-50,F,Happy,Cloudy,Afternoon,Friday,0,18294.0
U1004,P104,Clothing,2880,36-45,M,Neutral,Cloudy,Morning,Thursday,0,19654.0
U1004,P103,Clothing,4904,36-45,M,Happy,Cloudy,Evening,Monday,0,18528.0
U1004,P102,Books,1232,18-25,F,Bored,Windy,Night,Monday,0,19902.0
U1004,P101,Books,4600,46-50,M,Sad,Windy,Afternoon,Thursday,0,17360.0
U1004,P104,Beauty,2938,18-25,F,Neutral,Sunny,Morning,Friday,0,19095.0
U1004,P105,Clothing,4416,26-35,M,Sad,Rainy,Morning,Sunday,1,19930.0
U1004,P102,Home,1491,36-45,F,Anxious,Windy,Evening,Friday,0,23030.0
U1004,P105,Beauty,3665,26-35,F,Anxious,Cloudy,Morning,Friday,0,22461.0
U1004,P104,Clothing,4166,46-50,F,Sad,Windy,Afternoon,Sunday,1,23246.0
U1004,P101,Electronics,1490,18-25,F,Bored,Windy,Morning,Tuesday,0,22508.0
U1004,P104,Clothing,3707,46-50,F,Sad,Sunny,Morning,Thursday,0,22766.0
U1004,P105,Home,924,46-50,M,Neutral,Stormy,Morning,Monday,0,21873.0
U1004,P101,Books,3996,36-45,F,Anxious,Rainy,Morning,Thursday,0,19859.0
U1004,P103,Beauty,2827,36-45,F,Sad,Cloudy,Evening,Tuesday,0,19439.0
U1004,P101,Home,3256,26-35,M,Happy,Stormy,Afternoon,Saturday,1,20775.0
U1004,P101,Clothing,3488,36-45,M,Happy,Stormy,Evening,Saturday,1,20366.0
U1004,P101,Home,483,46-50,M,Bored,Sunny,Morning,Wednesday,0,19688.0
U1004,P104,Beauty,441,18-25,F,Anxious,Windy,Night,Friday,0,18681.0
U1004,P104,Home,2087,36-45,F,Neutral,Sunny,Evening,Monday,0,15415.0
U1004,P102,Books,3209,26-35,F,Bored,Rainy,Night,Tuesday,0,16578.0
U1004,P104,Electronics,4615,26-35,F,Bored,Windy,Afternoon,Wednesday,0,15791.0
U1004,P101,Clothing,2898,46-50,M,Sad,Sunny,Morning,Monday,0,17579.0
U1004,P101,Clothing,2088,18-25,F,Sad,Cloudy,Night,Wednesday,0,17221.0
U1004,P101,Clothing,1949,46-50,M,Neutral,Cloudy,Night,Wednesday,0,15821.0
U1004,P101,Books,3713,36-45,M,Sad,Windy,Night,Monday,0,17287.0
U1004,P105,Home,2849,36-45,M,Bored,Sunny,Afternoon,Saturday,1,20559.0
U1004,P102,Home,4691,26-35,M,Sad,Stormy,Morning,Saturday,1,21321.0
U1004,P102,Books,3550,36-45,F,Happy,Stormy,Morning,Thursday,0,22803.0
